Symbols,Cluster
1100001G20Rik,1
1600012H06Rik,1
1600014C10Rik,1
1700019L03Rik,1
1700123I01Rik,1
1810033B17Rik,1
2310011J03Rik,1
2810474O19Rik,1
3000002C10Rik,1
42624,1
4930562F07Rik,1
4933416M07Rik,1
5830416P10Rik,1
6530402F18Rik,1
9330159M07Rik,1
9430076C15Rik,1
9630028B13Rik,1
AA467197,1
AA986860,1
Abcc1,1
Abi2,1
Abtb2,1
Acap1,1
Acly,1
Acot7,1
Acoxl,1
Acpp,1
Adam8,1
Adamtsl4,1
Adgb,1
Adora2a,1
Adora2b,1
Adprh,1
Adssl1,1
Agpat9,1
Ahr,1
Alas1,1
Aldoa,1
Aldoc,1
Alg9,1
Ambp,1
Amica1,1
Angel2,1
Antxr2,1
Anxa2,1
Ap4b1,1
Apbb1ip,1
Apbb3,1
Apobr,1
Arf5,1
Arfgef1,1
Arg1,1
Arg2,1
Arid5b,1
Arl1,1
Arrdc4,1
Asprv1,1
Atg13,1
Atp1b3,1
Atp6v1e1,1
Atp8b4,1
Atxn7l3,1
Auts2,1
B230120H23Rik,1
B430306N03Rik,1
BC018473,1
Bcl2a1a,1
Bcl2a1b,1
Bcl2a1d,1
Bcl2l11,1
Bet1l,1
Bhlhe40,1
Bnip3,1
Bsg,1
Bst1,1
Btg1,1
C030039L03Rik,1
C030046E11Rik,1
Cabp4,1
Cacfd1,1
Car2,1
Car4,1
Cass4,1
Cblb,1
Ccdc41,1
Ccdc71l,1
Ccdc83,1
Ccdc88b,1
Ccl6,1
Ccl9,1
Ccnf,1
Ccr1,1
Cd177,1
Cd24a,1
Cd300lf,1
Cd44,1
Cd53,1
Cd80,1
Cd9,1
Cdc42ep2,1
Cdca4,1
Cdh1,1
Cdk5r1,1
Cdyl,1
Celsr3,1
Chfr,1
Chi3l3,1
Chi3l4,1
Chmp2a,1
Chst11,1
Ciapin1,1
Clcf1,1
Cldn25,1
Clec3a,1
Clec4d,1
Clec4e,1
Clec4n,1
Clec5a,1
Clec7a,1
Cln3,1
Cln5,1
Cog3,1
Col4a3bp,1
Cope,1
Cox17,1
Creld2,1
Cry1,1
Cs,1
Csf1,1
Csf2ra,1
Csf2rb,1
Csf2rb2,1
Csnk1g1,1
Ctu1,1
Cxcl3,1
Cxcr2,1
Cybasc3,1
Cyp4f18,1
Dapp1,1
Ddx28,1
Dennd2d,1
Dennd3,1
Dennd4a,1
Dgat1,1
Dgat2,1
Dgcr8,1
Diap1,1
Dlst,1
Dmkn,1
Dnajc1,1
Dnajc10,1
Dock10,1
Dock5,1
Dopey2,1
Dtx4,1
Dusp16,1
E230016M11Rik,1
E330009J07Rik,1
Ebna1bp2,1
Efhc1,1
Egln3,1
Egr2,1
Ehd1,1
Eif2b2,1
Eif4ebp1,1
Emb,1
Emilin2,1
Eml2,1
Enah,1
Eno1,1
Ereg,1
Ero1l,1
Ext1,1
F10,1
Faf2,1
Fam102b,1
Fam133b,1
Fam162a,1
Fam20c,1
Fam65b,1
Fam76a,1
Far2,1
Fbxl3,1
Fbxo22,1
Fbxo38,1
Fcgr2b,1
Fdxacb1,1
Fgd3,1
Fhod1,1
Flot1,1
Flrt2,1
Flrt3,1
Fmnl2,1
Fn1,1
Fopnl,1
Foxn2,1
Fpr2,1
Frg1,1
Fth1,1
Fut4,1
Fut7,1
Fzd1,1
Gadd45b,1
Gapdh,1
Gas7,1
Gbe1,1
Gfod1,1
Ggct,1
Glipr2,1
Glrx,1
Glt25d1,1
Gm12070,1
Gm13289,1
Gm14005,1
Gm14023,1
Gm14548,1
Gm15787,1
Gm19522,1
Gm2176,1
Gm2a,1
Gm5506,1
Gm5523,1
Golga5,1
Gorasp2,1
Gpi1,1
Gpr132,1
Gpr35,1
Gpr68,1
Gpr84,1
Gpr85,1
Grina,1
Gskip,1
Gsr,1
H13,1
H1fx,1
H2afj,1
H2-Q10,1
Hbp1,1
Hdc,1
Hif1a,1
Hip1r,1
Hnf1a,1
Hp,1
Hps6,1
Hspa4l,1
Htr7,1
Hyou1,1
Ibtk,1
Ier3,1
Ifitm1,1
Ifnar1,1
Igf1r,1
Igsf6,1
Ikbkb,1
Ikbke,1
Il18rap,1
Il1a,1
Il1b,1
Il1f9,1
Il1r2,1
Il1rap,1
Il1rl2,1
Il4i1,1
Impa2,1
Inf2,1
Inhba,1
Irak2,1
Irak3,1
Irg1,1
Irs3,1
Irx3,1
Itgam,1
Itgb7,1
Jarid2,1
Kcnj1,1
Kctd19,1
Kdm5b,1
Kdm5c,1
Kif1c,1
Klhdc4,1
Larp4b,1
Lcn2,1
Ldha,1
Ldlr,1
Ldoc1l,1
Lig3,1
Lilra6,1
Lmbr1l,1
Lmo4,1
LOC100038947,1
Lrg1,1
Lrp10,1
Lrrc16a,1
Lrrc25,1
Lrrc3b,1
Ltb,1
Ltb4r1,1
Lurap1,1
Ly75,1
Malt1,1
Man2a1,1
Mapk8,1
Mapkapk2,1
Matk,1
Med11,1
Mefv,1
Met,1
Metap1,1
Mfsd7a,1
Mgam,1
Mical1,1
Mif,1
Mkrn1,1
Mllt6,1
Mmp8,1
Mmp9,1
Mocs1,1
Morn4,1
Mreg,1
Mrpl43,1
Mrpl52,1
Ms4a8a,1
Msn,1
Msr1,1
Mt1,1
Mtmr6,1
Muc1,1
Muc5ac,1
Mxd1,1
Myl12a,1
Myl6b,1
Myo1g,1
Nap1l4,1
Ncf1,1
Ncf4,1
Nedd9,1
Nelfb,1
Nfe2,1
Nfe2l1,1
Nfkb2,1
Nfkbie,1
Niacr1,1
Nkain3,1
Nlrp12,1
Nlrp3,1
Nos2,1
Npepps,1
Nppb,1
Nqo1,1
Nr4a3,1
Nrbp1,1
Nt5e,1
Ntng2,1
Nudt4,1
Nup62,1
Oaf,1
Olr1,1
Orai2,1
Orm1,1
Osgin1,1
Oxct2a,1
P4hb,1
Pbld2,1
Pcdh7,1
Pcdhac1,1
Pcid2,1
Pdcd1lg2,1
Pdcd6,1
Pfkp,1
Pgk1,1
Pgm2,1
Phospho1,1
Pik3ca,1
Pik3cb,1
Pilrb1,1
Pira2,1
Piwil2,1
Pkm,1
Plcb1,1
Plcxd2,1
Plek,1
Plekhg4,1
Plgrkt,1
Pmel,1
Polr1a,1
Ppbp,1
Prdx5,1
Prdx6,1
Prelid1,1
Prkaa1,1
Prkd3,1
Proz,1
Psd4,1
Psmd11,1
Pstpip2,1
Ptger2,1
Ptges,1
Ptgs2,1
Ptpre,1
Pts,1
Pwp1,1
Pycard,1
Pygl,1
Rab11fip1,1
Rab11fip4,1
Rab2a,1
Rab32,1
Rab3ip,1
Rab44,1
Rabif,1
Rapgef1,1
Rasef,1
Rasl2-9,1
Rb1cc1,1
Rbm3,1
Rcl1,1
Rdh11,1
Rdh12,1
Rest,1
Rffl,1
Rgcc,1
Rhof,1
Rhou,1
Rhov,1
Ric8,1
Riok3,1
Rnf14,1
Rnf149,1
Rnf24,1
Rpl36al,1
Rps6ka2,1
Rps6ka4,1
Rspry1,1
Rtfdc1,1
S100a11,1
S100a4,1
S100a6,1
S100a8,1
S100a9,1
Samsn1,1
Schip1,1
Sdc1,1
Sec22b,1
Sec24c,1
Sec61a1,1
Sec61b,1
Sec61g,1
Sell,1
Serpinb2,1
Sestd1,1
Setd8,1
Sfmbt2,1
Sfxn1,1
Sgms2,1
Sh2d3c,1
Sh2d4a,1
Sh2d5,1
Sh3bp5l,1
Shisa3,1
Shoc2,1
Sidt2,1
Sin3b,1
Sirpb1a,1
Sirpb1b,1
Slamf6,1
Slc15a3,1
Slc16a3,1
Slc25a20,1
Slc27a4,1
Slc2a3,1
Slc2a4,1
Slc2a6,1
Slc30a6,1
Slc31a2,1
Slc52a3,1
Slc6a4,1
Slc7a11,1
Slc7a2,1
Slco4a1,1
Slfn4,1
Slpi,1
Smcr7,1
Smox,1
Snd1,1
Snx20,1
Soat2,1
Sod2,1
Sorl1,1
Spint1,1
Spsb4,1
Sqle,1
Srebf2,1
Srgn,1
Srp9,1
Ssr2,1
Ssr4,1
Steap4,1
Stk24,1
Strip1,1
Stx5a,1
Stx6,1
Surf4,1
Suv420h1,1
Syk,1
Sytl1,1
Sytl3,1
Tbc1d10b,1
Tbce,1
Tbl1xr1,1
Tes,1
Tfec,1
Tgfbi,1
Tgm1,1
Tgm2,1
Thbs1,1
Timm8b,1
Timp1,1
Tiprl,1
Tlr1,1
Tlr6,1
Tmco6,1
Tmem127,1
Tmem150b,1
Tmem243,1
Tmsb10,1
Tnfaip2,1
Tnfrsf1b,1
Tnfrsf23,1
Tnfrsf26,1
Tnfrsf8,1
Tnip1,1
Tpbg,1
Tpi1,1
Traf1,1
Trem1,1
Trem3,1
Trim13,1
Trip13,1
Trpv2,1
Trub2,1
Ttc39c,1
Tubg2,1
Uba5,1
Ube2z,1
Uck2,1
Ufsp1,1
Upp1,1
Uso1,1
Vasp,1
Vcan,1
Vdr,1
Vimp,1
Wdr48,1
Wdr92,1
Wfikkn2,1
Wwp2,1
Zc3h12a,1
Zc3h12c,1
Zc3h3,1
Zcchc3,1
Zdhhc12,1
Zfp459,1
Zfp523,1
Zfp930,1
Zfyve16,1
0610039K10Rik,2
1190002N15Rik,2
1700021K19Rik,2
1700030K09Rik,2
1810011O10Rik,2
2010005H15Rik,2
2410066E13Rik,2
2610035D17Rik,2
2700081O15Rik,2
2810025M15Rik,2
2900026A02Rik,2
3300005D01Rik,2
4930414L22Rik,2
4930444A02Rik,2
4930486L24Rik,2
4930506C21Rik,2
4930592A05Rik,2
4931406P16Rik,2
4932438H23Rik,2
6720401G13Rik,2
8430408G22Rik,2
9430020K01Rik,2
9830001H06Rik,2
A230050P20Rik,2
A4galt,2
A930012L18Rik,2
Abat,2
Abca12,2
Abca6,2
Abca8a,2
Abca8b,2
Abca9,2
Abcc9,2
Abcg2,2
Abhd6,2
Abl2,2
Ablim1,2
Ablim3,2
Acacb,2
Ace,2
Acsl3,2
Acss2,2
Acta2,2
Actc1,2
Actn2,2
Actr3,2
Acvrl1,2
Adam22,2
Adam33,2
Adamts1,2
Adamts10,2
Adamts12,2
Adamts14,2
Adamts2,2
Adamts5,2
Adamtsl2,2
Adamtsl3,2
Adarb1,2
Adcy6,2
Adcy7,2
Adcy9,2
Add3,2
Adrb1,2
Adrb2,2
Afap1l1,2
Afap1l2,2
Agmo,2
Agpat3,2
Ahdc1,2
Aif1l,2
Akap1,2
Akap12,2
Akap2,2
Akap8l,2
Aldh7a1,2
Aldoart2,2
Alox5,2
Alpk1,2
Alpl,2
Amigo1,2
Amigo2,2
Amotl1,2
Amotl2,2
Amz1,2
Angptl2,2
Ank2,2
Ankrd23,2
Ankrd35,2
Ankrd44,2
Anks1,2
Ano1,2
Antxr1,2
Aoah,2
Aoc3,2
Apbb1,2
Aplnr,2
Apod,2
Apol10b,2
Apoo-ps,2
Aqp1,2
Arap3,2
Arc,2
Areg,2
Arhgap22,2
Arhgap29,2
Arhgap39,2
Arhgap4,2
Arhgap6,2
Arhgef10,2
Arhgef12,2
Arhgef15,2
Arhgef17,2
Arhgef40,2
Arhgef5,2
Arhgef6,2
Arid1a,2
Arl4d,2
Arl5b,2
Armcx2,2
Armcx3,2
Armcx6,2
Arntl,2
Arsb,2
Art3,2
Arvcf,2
Asap2,2
Asb2,2
Asgr2,2
Aspn,2
Atf3,2
Atg4c,2
Atp10d,2
Atp1a2,2
Atp1b2,2
Atp2a3,2
Atp5s,2
Atp8b1,2
Atp8b2,2
Atp9a,2
Axin2,2
Axl,2
B3galnt1,2
B4galt4,2
Bag3,2
Bank1,2
BC017612,2
Bcam,2
Bcar1,2
Bcl2,2
Bco2,2
Bend3,2
Beta-s,2
Bgn,2
Bicc1,2
Blnk,2
Bmp2,2
Bmp6,2
Bmper,2
Bmpr1a,2
Bmpr2,2
Btbd3,2
Btg2,2
Btnl9,2
C130074G19Rik,2
C1qtnf1,2
C1qtnf5,2
C1qtnf6,2
C1qtnf9,2
C1ra,2
C1rb,2
C1s,2
C2,2
C230081A13Rik,2
C3ar1,2
C4a,2
C4b,2
C5ar1,2
Cables1,2
Cachd1,2
Cacna1a,2
Cacna1c,2
Cacnb2,2
Cadm1,2
Calhm2,2
Camk2a,2
Camk2n1,2
Capn11,2
Car7,2
Casq2,2
Cbfa2t3,2
Cbr2,2
Cbx6,2
Cc2d2a,2
Ccdc80,2
Ccdc85b,2
Ccl11,2
Ccl12,2
Ccl4,2
Ccl7,2
Ccnd1,2
Cd163,2
Cd207,2
Cd209f,2
Cd300e,2
Cd300lg,2
Cd34,2
Cd55,2
Cd74,2
Cd81,2
Cd83,2
Cdc42bpa,2
Cdc42bpb,2
Cdc42ep1,2
Cdc6,2
Cdcp1,2
Cdh11,2
Cdh24,2
Cdkn1c,2
Cdr2,2
Ceacam1,2
Ceacam2,2
Cebpd,2
Cep170,2
Cep68,2
Cerkl,2
Cers4,2
Cfh,2
Cfhr2,2
Cfi,2
Ch25h,2
Chd3,2
Chd9,2
Chp2,2
Chpf,2
Chrnb2,2
Chst7,2
Cilp,2
Cldn19,2
Clec10a,2
Clec11a,2
Clec14a,2
Clec1a,2
Clec3b,2
Clec4b1,2
Clic5,2
Clstn1,2
Cmah,2
Cmya5,2
Col12a1,2
Col14a1,2
Col15a1,2
Col16a1,2
Col1a1,2
Col1a2,2
Col3a1,2
Col4a1,2
Col4a3,2
Col4a4,2
Col4a5,2
Col5a1,2
Col5a2,2
Col6a1,2
Col6a2,2
Col6a3,2
Col8a1,2
Col8a2,2
Colec12,2
Comp,2
Coq10b,2
Coro2b,2
Cp,2
Cpe,2
Cpeb1,2
Cped1,2
Cpq,2
Creb3l2,2
Creb5,2
Crim1,2
Crip1,2
Crip2,2
Crispld2,2
Crym,2
Cst3,2
Ctgf,2
Ctif,2
Ctla2b,2
Ctnnd1,2
Ctsf,2
Cttnbp2nl,2
Cuedc1,2
Cx3cl1,2
Cxcl12,2
Cxcr7,2
Cxx1c,2
Cyb561,2
Cygb,2
Cyp27a1,2
Cyp2d22,2
Cyp4b1,2
Cyr61,2
D630039A03Rik,2
D830031N03Rik,2
Dab2ip,2
Dact1,2
Dcbld2,2
Dchs1,2
Dclre1c,2
Dcn,2
Ddr2,2
Dennd2c,2
Dennd5b,2
Des,2
Dgkd,2
Dhx34,2
Dkk3,2
Dlc1,2
Dlg4,2
Dmd,2
Dmpk,2
Dmwd,2
Dnaja1,2
Dnaja4,2
Dnajb1,2
Dnajb4,2
Dnm1,2
Dnm3,2
Dnmbp,2
Dock1,2
Dock6,2
Dock9,2
Dok4,2
Dpep1,2
Dpf3,2
Dpt,2
Dpysl3,2
Dsp,2
Dst,2
Dtx3,2
Dusp8,2
E230029C05Rik,2
Ebf1,2
Ebf2,2
Ebf3,2
Ebf4,2
Ecm2,2
Edil3,2
Eef1a2,2
Eef2k,2
Efcab4a,2
Efemp1,2
Efnb1,2
Egfl7,2
Egflam,2
Egfr,2
Egr1,2
Ehd2,2
Ehd4,2
Eif4e,2
Elmo1,2
Elmod3,2
Eln,2
Elovl7,2
Eltd1,2
Eml1,2
Eml6,2
Emp2,2
Emr4,2
Endou,2
Eng,2
Enpep,2
Enpp2,2
Enpp3,2
Entpd2,2
Epas1,2
Epb4.9,2
Epha2,2
Epha4,2
Ephb4,2
Ephx1,2
Ephx3,2
Epn2,2
Eps15,2
Eps8,2
Eps8l2,2
Etl4,2
Ets1,2
Etv1,2
Eva1a,2
Evc2,2
Exoc6b,2
F2r,2
F2rl1,2
F830016B08Rik,2
Fam111a,2
Fam115a,2
Fam131a,2
Fam13a,2
Fam189a2,2
Fam212b,2
Fam214a,2
Fam71a,2
Fam83g,2
Fat1,2
Fat4,2
Fbf1,2
Fbln1,2
Fbln2,2
Fbln5,2
Fbn1,2
Fcgrt,2
Fcna,2
Fem1c,2
Fermt2,2
Fert2,2
Fgd2,2
Fgd5,2
Fgfr1,2
Fgfr3,2
Fhl1,2
Fibin,2
Filip1,2
Fkbp9,2
Flnc,2
Flt1,2
Fmo1,2
Fmo2,2
Fmo5,2
Fndc1,2
Fndc7,2
Folr2,2
Fos,2
Fosb,2
Fosl1,2
Foxc1,2
Foxn3,2
Frmd4b,2
Frmd6,2
Fry,2
Frzb,2
Fstl1,2
Ftsj2,2
Fxyd1,2
Fxyd2,2
Fxyd6,2
Fzd4,2
Fzd6,2
Fzd8,2
G530011O06Rik,2
Galnt15,2
Galnt16,2
Garnl3,2
Gas1,2
Gas2l3,2
Gas6,2
Gata2,2
Gbgt1,2
Gfpt2,2
Gfra1,2
Gfra2,2
Ggt5,2
Gimap4,2
Gimap6,2
Gjc1,2
Gkap1,2
Glcci1,2
Glt25d2,2
Glul,2
Gm10406,2
Gm129,2
Gm16197,2
Gm20765,2
Gm3002,2
Gm3086,2
Gm3264,2
Gm3317,2
Gm3336,2
Gm3494,2
Gm3500,2
Gm3558,2
Gm3696,2
Gm4788,2
Gm4980,2
Gm5483,2
Gna15,2
Gng7,2
Gpihbp1,2
Gpm6b,2
Gpr116,2
Gpr125,2
Gpr133,2
Gpr155,2
Gpr56,2
Gprc5c,2
Grap,2
Grb10,2
Grhl1,2
Grip2,2
Gsn,2
Gsta3,2
Gucy1a3,2
Gucy1b3,2
H19,2
H2-Aa,2
H2-Ab1,2
H2-DMa,2
H2-DMb1,2
H2-Eb1,2
H2-Q4,2
Hba-a1,2
Hbegf,2
Hdac11,2
Hectd2,2
Heg1,2
Hes1,2
Higd1b,2
Hmcn1,2
Hmg20a,2
Hmga2-ps1,2
Hmgcs2,2
Hnrnph1,2
Homer2,2
Hpgd,2
Hpgds,2
Hr,2
Hrct1,2
Hrh1,2
Hs3st3a1,2
Hsp90aa1,2
Hspa12a,2
Hspa1a,2
Hspa1b,2
Hspa1l,2
Hspa8,2
Hspb1,2
Hspb6,2
Hspg2,2
Hsph1,2
Htra3,2
Hyal1,2
Ica1,2
Ick,2
Id1,2
Id3,2
Id4,2
Ier2,2
Ier5l,2
Ifnb1,2
Igf2,2
Igfbp4,2
Igfbp5,2
Igfbp7,2
Igsf10,2
Igsf23,2
Igsf9,2
Iigp1,2
Il17rc,2
Il17rd,2
Il1rl1,2
Il27ra,2
Ildr1,2
Ildr2,2
Impact,2
Inmt,2
Insig1,2
Insr,2
Intu,2
Iqsec2,2
Irf4,2
Irs1,2
Islr,2
Itga10,2
Itga11,2
Itga7,2
Itgbl1,2
Itih5,2
Itpr2,2
Itsn1,2
Jag2,2
Jam2,2
Jam3,2
Jmjd1c,2
Jph2,2
Jun,2
Jund,2
Jup,2
Kank1,2
Kank2,2
Kbtbd11,2
Kcnb1,2
Kcnj8,2
Kcnq4,2
Kctd12b,2
Kctd6,2
Khdrbs3,2
Kif19a,2
Kif1b,2
Kif26a,2
Kif7,2
Kifc3,2
Kitl,2
Klf2,2
Klf4,2
Klf9,2
Klhl13,2
Klhl23,2
Klhl31,2
Klhl38,2
Klhl7,2
Lag3,2
Lama2,2
Lama3,2
Lama4,2
Lama5,2
Lamb1,2
Lamb2,2
Lbx2,2
Ldb2,2
Ldlrad4,2
Lep,2
Lepr,2
Leprel1,2
Leprel2,2
Lgalsl,2
Lgi4,2
Lhfp,2
Lifr,2
Lilra5,2
Lima1,2
Lims2,2
Lipe,2
Lmbr1,2
Lmcd1,2
Lmo1,2
Lmod1,2
Lmod2,2
LOC100861615,2
Lox,2
Lphn1,2
Lpin1,2
Lrig3,2
Lrp5,2
Lrp6,2
Lrrc3,2
Lrrc32,2
Ltbp1,2
Ltbp2,2
Ltbp4,2
Ltc4s,2
Lum,2
Luzp1,2
Ly6c1,2
Lyl1,2
Lynx1,2
Lypd3,2
Lyve1,2
Lzts2,2
Mafk,2
Maged1,2
Magi1,2
Maoa,2
Map1b,2
Map2,2
Map3k4,2
Mapk12,2
Mapre3,2
Mapt,2
Mark1,2
Marveld1,2
Mast4,2
Mat2a,2
Matn2,2
Mb,2
Mb21d2,2
Mcc,2
Mcf2l,2
Mcts2,2
Mecom,2
Medag,2
Mef2c,2
Meis1,2
Meis2,2
Meis3,2
Meox1,2
Meox2,2
Metrnl,2
Mfap4,2
Mfge8,2
Mfsd6,2
Mga,2
Mgl2,2
Mgll,2
Mgp,2
Mical2,2
Mid1,2
Mid2,2
Mllt4,2
Mmp15,2
Mmp2,2
Mmp23,2
Mmrn1,2
Mn1,2
Morc2a,2
Mpdz,2
Mpp2,2
Mprip,2
Mras,2
Mrc2,2
Mrvi1,2
Ms4a4d,2
Msrb2,2
Msrb3,2
Mtmr10,2
Mtmr11,2
Mttp,2
Mtus1,2
Mustn1,2
Mxra7,2
Mxra8,2
Myadm,2
Mycbp2,2
Myct1,2
Myh10,2
Myh11,2
Myh6,2
Myl2,2
Myl3,2
Myl4,2
Myl9,2
Mylip,2
Mylk,2
Myo18a,2
Myo18b,2
Myo6,2
Myo7a,2
Myoc,2
Myom1,2
Myom2,2
Myoz2,2
Myrf,2
Naalad2,2
Naip5,2
Nav1,2
Nbl1,2
Ncald,2
Ncoa3,2
Ndrg2,2
Nedd4,2
Neo1,2
Nes,2
Neurl1a,2
Nexn,2
Nfatc2,2
Nfatc4,2
Nfia,2
Nfib,2
Nfic,2
Nfix,2
Nhsl2,2
Nid1,2
Nid2,2
Ninl,2
Nlrc4,2
Nlrp1b,2
Nlrp1c-ps,2
Nop58,2
Notch3,2
Npb,2
Nphp3,2
Npr1,2
Nr3c2,2
Nrap,2
Nrarp,2
Nrbp2,2
Nrep,2
Nrg2,2
Nrip2,2
Nrip3,2
Nsmf,2
Nt5dc3,2
Ntn1,2
Nuak1,2
Nup98,2
Nxf1,2
Nxpe4,2
Nynrin,2
Oas1h,2
Oasl1,2
Obscn,2
Ociad2,2
Ogn,2
Ophn1,2
Osbpl5,2
Osmr,2
Pak3,2
Palld,2
Palmd,2
Pamr1,2
Papln,2
Pard3,2
Pard3b,2
Parm1,2
Parva,2
Pbx3,2
Pcdh11x,2
Pcdh17,2
Pcdh18,2
Pcdh19,2
Pcdhac2,2
Pcdhga10,2
Pcdhga11,2
Pcdhga12,2
Pcdhga2,2
Pcdhga4,2
Pcdhga7,2
Pcdhgb8,2
Pcolce,2
Pcolce2,2
Pcsk5,2
Pcsk6,2
Pde1a,2
Pde3a,2
Pde4a,2
Pde4c,2
Pdgfa,2
Pdgfb,2
Pdgfd,2
Pdgfra,2
Pdgfrl,2
Pdk4,2
Pdlim1,2
Pdzd2,2
Pea15a,2
Pear1,2
Peg10,2
Peg13,2
Peg3,2
Pfkm,2
Pglyrp4,2
Pgm5,2
Phactr2,2
Phf15,2
Pi16,2
Pianp,2
Pias2,2
Pik3c2b,2
Pip4k2a,2
Pkd1,2
Pkia,2
Pkp4,2
Pla2g16,2
Pla2g2d,2
Pla2g4b,2
Pla2r1,2
Plac9b,2
Plcb4,2
Plcd1,2
Plce1,2
Plcg1,2
Pld1,2
Plekha5,2
Plekha6,2
Plekhg5,2
Plekhh2,2
Plin4,2
Pln,2
Pls3,2
Plscr4,2
Pltp,2
Plxdc2,2
Plxna3,2
Plxna4,2
Plxnb1,2
Pmepa1,2
Pmp22,2
Podxl,2
Postn,2
Ppap2a,2
Pparg,2
Ppargc1a,2
Ppic,2
Ppl,2
Ppp1r12c,2
Ppp1r13b,2
Ppp1r15a,2
Ppp1r3f,2
Ppp1r9a,2
Pprc1,2
Prcp,2
Prdm16,2
Prdm9,2
Prelp,2
Prex2,2
Prickle2,2
Prkcg,2
Prkg1,2
Prom1,2
Pros1,2
Prpf40b,2
Prss12,2
Prss23,2
Psd3,2
Ptch1,2
Ptk2,2
Ptp4a3,2
Ptpdc1,2
Ptpn21,2
Ptprb,2
Ptprf,2
Ptprg,2
Ptprm,2
Ptrf,2
Pum1,2
Pxdc1,2
Pyroxd2,2
R74862,2
Rab11fip3,2
Rab11fip5,2
Rab3a,2
Rab3gap2,2
Rab6b,2
Ramp2,2
Rapgef3,2
Rarres2,2
Rasal2,2
Rasd1,2
Rasgef1b,2
Rasgrf2,2
Rasgrp3,2
Rasl11a,2
Rasl12,2
Rbfox2,2
Rbm15,2
Rbms2,2
Rbp1,2
Rbp7,2
Rcan2,2
Rcn3,2
Rdh18-ps,2
Rdh5,2
Reck,2
Rep15,2
Reps2,2
Rere,2
Retnla,2
Rev1,2
Rgl3,2
Rgmb,2
Rgs12,2
Rgs4,2
Rgs5,2
Rgs7bp,2
Rhbdf1,2
Rhob,2
Rhobtb3,2
Rhoc,2
Rhoj,2
Rian,2
Rock2,2
Rora,2
Rph3al,2
Rps6kl1,2
Rtn1,2
Rtn2,2
Rtn4rl1,2
Rwdd3,2
Ryk,2
Ryr2,2
S1pr5,2
Samd4,2
Sardh,2
Satb2,2
Sbf2,2
Scarna17,2
Scn2b,2
Scn3a,2
Scn7a,2
Scnn1a,2
Scrn1,2
Sdc2,2
Sdpr,2
Selenbp1,2
Selenbp2,2
Sema3b,2
Sema3g,2
Sema6a,2
Sema6d,2
Serinc3,2
Serpinb8,2
Serpinf1,2
Serpinf2,2
Serping1,2
Sesn1,2
Sfrp1,2
Sfrp2,2
Sgce,2
Sh3pxd2a,2
Sh3pxd2b,2
Shank3,2
She,2
Shroom4,2
Slamf9,2
Slc10a6,2
Slc12a2,2
Slc14a1,2
Slc18b1,2
Slc22a17,2
Slc23a2,2
Slc26a10,2
Slc29a1,2
Slc35f5,2
Slc39a10,2
Slc3a1,2
Slc43a3,2
Slc4a3,2
Slc8a2,2
Slc9a3r2,2
Slc9a9,2
Slco2b1,2
Smad1,2
Smagp,2
Smarca2,2
Smarcd3,2
Smo,2
Smoc2,2
Smpdl3b,2
Smtn,2
Smtnl2,2
Sncaip,2
Sncg,2
Snord17,2
Snord49a,2
Snrk,2
Snx30,2
Snx8,2
Snx9,2
Sod3,2
Sorbs1,2
Sorbs2,2
Sorbs3,2
Sord,2
Sox13,2
Sox18,2
Sox7,2
Spag9,2
Sparc,2
Sparcl1,2
Spats2,2
Spats2l,2
Specc1l,2
Spn,2
Spns2,2
Spry1,2
Sptbn1,2
Srgap2,2
Srl,2
Srpx2,2
Sspn,2
St3gal3,2
St5,2
St6galnac2,2
St8sia6,2
Stac,2
Stard13,2
Stard8,2
Stau2,2
Stim2,2
Stox2,2
Stxbp1,2
Sulf1,2
Sult1a1,2
Surf2,2
Svep1,2
Syde2,2
Syne1,2
Syne2,2
Synpo2,2
Syp,2
Syt7,2
Tac4,2
Tacc1,2
Tacc2,2
Taf7,2
Tal1,2
Tanc1,2
Tanc2,2
Taok3,2
Tbc1d30,2
Tbx2,2
Tbx20,2
Tcf21,2
Tcf7l1,2
Tead2,2
Tec,2
Tek,2
Tenc1,2
Tenm3,2
Tesc,2
Tfr2,2
Tgfb1i1,2
Tgfbr2,2
Tgfbr3,2
Thbd,2
Thbs2,2
Thbs3,2
Thra,2
Thrsp,2
Thsd1,2
Thsd7a,2
Ticam1,2
Tie1,2
Timd4,2
Timp3,2
Timp4,2
Tinagl1,2
Tjp1,2
Tln2,2
Tlr5,2
Tlr9,2
Tmcc2,2
Tmcc3,2
Tmem132c,2
Tmem176a,2
Tmem176b,2
Tmem204,2
Tmem246,2
Tmem37,2
Tmem44,2
Tmem64,2
Tmem66,2
Tmem71,2
Tmod2,2
Tmtc1,2
Tnfrsf12a,2
Tnfsf12,2
Tnfsf13b,2
Tnip2,2
Tnks1bp1,2
Tnnc1,2
Tnni3,2
Tnnt2,2
Tns1,2
Tnxb,2
Tpm2,2
Tppp,2
Tppp3,2
Traf5,2
Trak1,2
Trf,2
Trim2,2
Trim24,2
Trim47,2
Trim65,2
Trip6,2
Trnp1,2
Trpm3,2
Trpv4,2
Tsc22d2,2
Tshz3,2
Tspan12,2
Tspan15,2
Tspan18,2
Tspan2,2
Tspan33,2
Tspan7,2
Tspan9,2
Ttc28,2
Ttc3,2
Ttll7,2
Ttn,2
Tubb2a,2
Tubb2b,2
Tuft1,2
Tyro3,2
Uaca,2
Unc13b,2
Unc45b,2
Unc5b,2
Ushbp1,2
Usp24,2
Ust,2
Utp14b,2
Utrn,2
Vangl1,2
Vegfc,2
Vmn2r29,2
Vps13b,2
Vps37b,2
Vps37d,2
Vtn,2
Vwa1,2
Wbp5,2
Wisp2,2
Wtip,2
Xlr,2
Xrcc2,2
Yap1,2
Zbtb10,2
Zbtb16,2
Zbtb20,2
Zbtb4,2
Zcchc14,2
Zcchc24,2
Zdhhc1,2
Zdhhc8,2
Zfhx3,2
Zfp142,2
Zfp248,2
Zfp334,2
Zfp367,2
Zfp395,2
Zfp521,2
Zfp532,2
Zfp592,2
Zfp658,2
Zfp704,2
Zfp711,2
Zfp827,2
Zfpm2,2
Zhx3,2
Zkscan4,2
Zmynd15,2
Zswim6,2
Mms22l,3
2810417H13Rik,3
Smc2,3
Mcm5,3
Ap1s1,3
Cdca8,3
Kif11,3
Rrm2,3
Top2a,3
Atp5o,3
Hist1h1a,3
Hist1h2bc,3
Calm1,3
Hist1h2ae,3
Rrm1,3
Hist1h2ad,3
Hist1h2ai,3
Mcm7,3
Atp5c1,3
Atp5j2,3
Hist1h2ag,3
Hist1h2af,3
Hist1h2ah,3
Tmem14c,3
Usp5,3
Hist1h2bh,3
5430416O09Rik,3
Adh5,3
Hist1h2ab,3
Hist1h2ac,3
Bub1,3
Dynlt1a,3
Zwilch,3
Commd1,3
Hist1h3i,3
Hist2h2bb,3
Ssrp1,3
Gins2,3
Hint1,3
Hist1h3g,3
Ccna2,3
Cks1b,3
Hist1h3h,3
Iqgap3,3
Kif15,3
Topbp1,3
Hist1h2ao,3
Bak1,3
Sdha,3
Set,3
Tbcd,3
Cenpi,3
Hist1h3c,3
Pcdh9,3
Uhrf1,3
Hist1h2an,3
Hist1h2bf,3
Hist1h3d,3
Tmem48,3
Ttk,3
Hist1h2bj,3
Hist1h2bk,3
Lgals1,3
Zranb3,3
1110004F10Rik,3
Hist1h2bb,3
Hist1h2bg,3
Hist1h3a,3
Tacc3,3
Tmem8,3
Hist1h1b,3
Ndufa10,3
Hist1h4f,3
Lamtor4,3
2700094K13Rik,3
Hist1h2bn,3
Hist1h2bl,3
Hist1h2bq,3
Hist1h2br,3
Ndufs3,3
Atp5f1,3
Banf1,3
Calm3,3
Ect2,3
Fuca2,3
Hist1h4b,3
Nxpe5,3
Aco2,3
Cd93,3
Cenpe,3
Rpn2,3
Gm6307,3
Pla2g4c,3
Commd10,3
Ppp1ca,3
Acads,3
Ccdc37,3
Aprt,3
Arpc1b,3
Cbx3,3
Hprt,3
Mad2l1,3
Farsb,3
Hist1h2bm,3
Hist1h2bp,3
Hist2h3b,3
Ppia,3
Sgol2,3
Atp5g3,3
Hist1h3e,3
Sdhd,3
Tm9sf1,3
Ap2s1,3
Atp5l,3
Kif2c,3
Mdh1,3
Ndufs6,3
Tmed10,3
Atp5g1,3
Pfn1,3
Akr1a1,3
Krt7,3
Ncaph,3
Apoa1bp,3
Galk2,3
Hist1h3f,3
Hist1h4k,3
Il1f6,3
Ndufa12,3
Pctp,3
42628,3
Arpc2,3
Cox7a2,3
Gm4984,3
Gpx1,3
Hist1h2ba,3
Hist1h4j,3
Ide,3
Mrpl42,3
Aurka,3
Ddah1,3
Hist1h2ak,3
Cox6a1,3
Fndc8,3
Gps1,3
Lgmn,3
Ndufb8,3
Paics,3
Psmb1,3
Vdac2,3
Abcc3,3
Fabp5,3
Hist1h3b,3
Hist1h4h,3
Kif22,3
1810021B22Rik,3
Ctsd,3
Eftud2,3
Emc1,3
Galnt2,3
Mlf2,3
Muc2,3
Nucks1,3
Psap,3
Uqcrc1,3
Clns1a,3
Hist1h4i,3
Slc13a4,3
Uchl5,3
Aurkb,3
Dpp3,3
Kif20a,3
Lig1,3
Ndufb9,3
Atp5e,3
Grn,3
Spp1,3
Casc5,3
Commd3,3
Dera,3
Sdhb,3
Tspan31,3
Cpsf1,3
Nudcd2,3
Prim2,3
Syngr1,3
4921507P07Rik,3
Atpif1,3
Cdc45,3
Cfl1,3
Galns,3
Glb1,3
Hist1h1d,3
Kif4,3
Lamtor1,3
Mrpl18,3
Rab5c,3
Rqcd1,3
Slc27a1,3
Swi5,3
Tk1,3
Tma7,3
Tsn,3
Tspan4,3
Aimp1,3
Birc5,3
Dynlt1c,3
Eftud1,3
Naglu,3
Pmf1,3
Rnf128,3
Vps25,3
1110008F13Rik,3
Ctbp1,3
Galc,3
Pebp1,3
Ppt2,3
Rbx1,3
Slc17a5,3
Suclg1,3
Ahcy,3
Atp5g2,3
Dynlt1b,3
Gusb,3
Hdac3,3
Hexa,3
Hsd17b4,3
Letm1,3
Man2b2,3
Minos1,3
Nudt5,3
Nusap1,3
Ogdh,3
Prim1,3
Psmd13,3
Uqcrb,3
C330027C09Rik,3
Camk2d,3
Eif3i,3
Hist1h4a,3
Whsc1,3
Xpnpep1,3
Abcb7,3
Asah1,3
Bckdk,3
Blvra,3
Copz1,3
Ddb1,3
Glod4,3
Mrpl40,3
Nme2,3
Nol6,3
Parp1,3
Pdia3,3
Ppp2r4,3
Brca1,3
Ctsb,3
Psmc5,3
Tubb5,3
Tufm,3
Aarsd1,3
Abcd3,3
Atp5k,3
Atxn10,3
Cox6c,3
Ndufs2,3
Psen2,3
Slc6a6,3
Ttf2,3
Zmat2,3
Amdhd2,3
Ccdc32,3
Cox5a,3
Ctsh,3
Dbi,3
Ebp,3
Mnf1,3
Nagpa,3
Ola1,3
Park7,3
Prc1,3
Slc25a39,3
Trem2,3
1500032L24Rik,3
Abhd12,3
Ccz1,3
Cd84,3
Cyb5r4,3
Erp29,3
Gpx4,3
Hmgn2,3
Itfg1,3
Mcm2,3
Mcm6,3
Prkaca,3
Spcs1,3
Uggt1,3
Uqcr11,3
Vps41,3
Zmpste24,3
Hebp1,3
Hells,3
Ifi30,3
Knstrn,3
Ndufa9,3
Nutf2-ps1,3
Psmd2,3
Rwdd1,3
Samm50,3
Stra13,3
Cct6a,3
Clptm1,3
Ctsa,3
Eif3b,3
Fermt3,3
Ganab,3
Gtf2h5,3
Hmmr,3
Metrn,3
Mpeg1,3
Mrps24,3
Orc2,3
Pigk,3
Pld3,3
Rpl14,3
Ube2m,3
Vcp,3
Aes,3
Ctss,3
Ddost,3
Hnrnpl,3
Kctd15,3
Nme1,3
Romo1,3
Rps26,3
Snrpe,3
Snx5,3
Timm13,3
Ywhae,3
Aif1,3
Alg5,3
Apoo,3
Atp6v1g1,3
Chchd3,3
Chid1,3
Cuedc2,3
Enpp1,3
Gnpat,3
Hnrnpr,3
Kpna2,3
Ndufa7,3
Ostm1,3
Pbrm1,3
Pcyox1,3
Psma2,3
Rfc1,3
Sucla2,3
Tmem147,3
Arpc4,3
Cdk20,3
Cib1,3
Erh,3
Hn1l,3
Itgb5,3
Man2b1,3
Rgs10,3
Rpl11,3
Stmn1,3
Trim37,3
Ttyh2,3
Vdac1,3
Aph1a,3
BC003331,3
Bcap31,3
Gdi2,3
Mpc2,3
Ndufa5,3
Nol7,3
Oxct1,3
Rfc3,3
Trap1,3
Txndc12,3
Wdr1,3
Cox7b,3
D17Wsu104e,3
Dctpp1,3
Dnajc15,3
Dnajc19,3
Ethe1,3
Fam96a,3
Gba,3
Gpaa1,3
Mrps14,3
Mrps36,3
Nudt2,3
P2rx4,3
Prkacb,3
Psmc4,3
Rpl32,3
Tfdp1,3
Tomm40,3
Actb,3
Afg3l1,3
Atic,3
Cers2,3
Cmpk1,3
Daglb,3
Eif3l,3
Erap1,3
Fuca1,3
Gaa,3
Gart,3
Gng2,3
Idh1,3
Ly9,3
Mcee,3
Ndufb5,3
Nfu1,3
Pole,3
Qars,3
Rcbtb2,3
Rnaseh2a,3
Rpl19,3
Tmed4,3
Tmem9b,3
Tomm22,3
Trappc2l,3
Acp1,3
Aldh3b1,3
Apoc2,3
Clec4a2,3
Ctso,3
Dpcd,3
Ergic1,3
Galnt1,3
Gm15772,3
Hist1h4c,3
Itga6,3
Itm2b,3
Mrpl13,3
Ncapd2,3
Ndc80,3
Ndufb7,3
Phb2,3
Taf10,3
Tbcb,3
Tceb2,3
Tmem151b,3
Wdr7,3
Anapc5,3
Ap2m1,3
Atp5b,3
Atp5d,3
Atp5h,3
Atp5j,3
C1qb,3
Cenpf,3
Coro1b,3
Ddhd2,3
Dhrs1,3
Dtl,3
Gmpr2,3
Guf1,3
Hadh,3
Kif20b,3
Kif3a,3
Ndufs4,3
Pon2,3
Prdx2,3
Prdx3,3
Rpl41,3
Rps24,3
Sec11c,3
Sla2,3
Smpdl3a,3
Sumf1,3
Thoc3,3
Tkt,3
C1qa,3
Clspn,3
Ecd,3
Eif3h,3
Entpd6,3
Gna12,3
Gyg,3
Htr2b,3
Kntc1,3
Lsm3,3
Mr1,3
Nceh1,3
Phb,3
Psmb6,3
Rps2,3
Sgsh,3
Slc6a8,3
Ugp2,3
Anpep,3
Ap3s2,3
Bloc1s2a,3
Btbd1,3
Cnih,3
Ddx39,3
Dnajb11,3
Emc2,3
Fcrls,3
Glg1,3
Gnas,3
Grb2,3
Igbp1,3
Klrc2,3
Mpnd,3
Ms4a7,3
Ndufb11,3
Ndufc1,3
Otud6b,3
Ppt1,3
Prdx4,3
Psmd6,3
Rad51ap1,3
Rbbp7,3
Reep5,3
Sdhc,3
Slc25a28,3
Slc7a7,3
Snrpd2,3
Stt3a,3
Tbc1d22a,3
Tmem256,3
Tor2a,3
Vmn1r21,3
Vti1b,3
Abca1,3
Atg4a,3
AU040320,3
BC004004,3
Ccl27a,3
Cfdp1,3
Dlat,3
Fkbp2,3
Gcsh,3
Gdpd1,3
Hexb,3
Hmgb1,3
Hspa4,3
Itfg3,3
Lsm4,3
Nudc,3
Nup93,3
Olfml3,3
Pgam1,3
Prkcsh,3
Ptpn18,3
Rnf7,3
Rpl27a,3
Rpl28,3
Rpl31,3
Sel1l3,3
Smarcc1,3
Spag17,3
Sptssa,3
Unc93b1,3
Wbscr22,3
Anapc15,3
Arhgap18,3
Arhgap19,3
Asb11,3
Cyb5b,3
Emr1,3
Ergic3,3
Fam3c,3
G3bp2,3
Gipc1,3
Gm1673,3
Ilvbl,3
Mrpl28,3
Nipsnap3b,3
Nus1,3
Pa2g4,3
Plbd2,3
Pomp,3
Psma7,3
Rp9,3
Srp14,3
Ssu72,3
Stx8,3
Txndc17,3
Ube2c,3
Zc3h14,3
42431,3
Akr1b8,3
Ap3m1,3
Apoe,3
Bccip,3
Cox5b,3
Eef1g,3
Idua,3
Lsm7,3
Lsmd1,3
Ly86,3
Mgat5,3
Morf4l1,3
Ndufa3,3
Ntpcr,3
Plxnb2,3
Psmd3,3
Rnase4,3
Rpn1,3
Serf2,3
Tecr,3
Tram1,3
Trappc1,3
Tsta3,3
Ufsp2,3
Wls,3
Aga,3
Atad5,3
C1qc,3
Capg,3
Ckb,3
Clec12a,3
Copa,3
Cops5,3
Fis1,3
Lyz2,3
Mpi,3
Mrpl48,3
Ndufa11,3
Nedd8,3
Paox,3
Pcdhb19,3
Plxnc1,3
Ppp1r14b,3
Psma1,3
Psmb3,3
Rpl23,3
Rpl37a,3
Rpl7a,3
Sar1b,3
Sdc3,3
Slc39a11,3
Snrpg,3
Ssx2ip,3
Tesk1,3
Tomm7,3
Tpx2,3
Xpr1,3
Ywhab,3
Actr2,3
AF251705,3
Ap1s2,3
Camk1,3
Cd276,3
Cd68,3
Cela1,3
Cotl1,3
Creg1,3
Dhrs4,3
Diap3,3
Dnase2a,3
Ftl1,3
Gltp,3
Hsd17b12,3
Mmd,3
Mvb12a,3
Myo5a,3
Pgm2l1,3
Phf19,3
Psmd14,3
Ptgr2,3
Rad23a,3
Rnf13,3
Rpl10a,3
Rpl29,3
Rps18,3
Sh3bgrl3,3
Slc8a1,3
Snrpa1,3
Uqcrh,3
Vapb,3
Vps8,3
Clptm1l,3
Ctsl,3
Dnajc2,3
Dock2,3
Gm19619,3
Gngt2,3
Hfe,3
Htatsf1,3
Hypk,3
Mcph1,3
Med30,3
Mvk,3
Nomo1,3
Nup133,3
Pld4,3
Rpl17,3
Rpl21,3
Sf3b2,3
Slc37a2,3
Spcs2,3
Tm7sf3,3
Tmed9,3
Vwa8,3
2010107E04Rik,3
Apmap,3
Aup1,3
Bub3,3
Cd72,3
Cers5,3
Cox6b1,3
Cpne2,3
Dstn,3
Echs1,3
Eef1a1,3
Epb4.1,3
Gns,3
Ift52,3
Kif13b,3
Kxd1,3
Med8,3
Ndrg3,3
Ndufb10,3
Ndufs8,3
Nptn,3
Nsa2,3
Parvg,3
Pla2g15,3
Psmb5,3
Rab1b,3
Rpl12,3
Rps11,3
Rps19,3
Rps27l,3
Rps8,3
Samd8,3
Stil,3
Stim1,3
Tex264,3
Tmco1,3
Tmed3,3
Tmem242,3
Trim43c,3
Uba52,3
Ube2i,3
Ube2r2,3
Aldh9a1,3
Bola2,3
Cd63,3
Cerk,3
Cops3,3
Cox7a2l,3
D10Wsu52e,3
Decr1,3
Dlgap5,3
Esyt1,3
Fam120a,3
Fat3,3
Gpnmb,3
Gpr89,3
Haus1,3
Hist1h4m,3
Iars2,3
Idh3a,3
Mertk,3
Ndufa13,3
Numa1,3
Pfdn1,3
Psmc3,3
Ptplad1,3
Rpl13a,3
Rpl5,3
Rps16,3
Rtn3,3
Slc25a5,3
Slc2a9,3
Slc38a10,3
Smarcd2,3
Spryd3,3
Tbc1d5,3
Tm9sf3,3
Tpp1,3
Adcy3,3
Anapc2,3
Anxa4,3
Arf3,3
Asf1b,3
Atp5a1,3
B230118H07Rik,3
Capzb,3
Cbr4,3
Cct2,3
Cdipt,3
Cetn3,3
Cpsf3l,3
Creg2,3
Dhrs3,3
Elof1,3
Exoc7,3
Hist2h3c2,3
Hmbs,3
Idh3b,3
Igf1,3
Immt,3
Irf8,3
Kpnb1,3
Lamp1,3
Man1c1,3
Mcoln3,3
Mfsd7b,3
Mlec,3
Mrpl27,3
Mrpl34,3
Mrps10,3
Mtfr1l,3
Ndufv1,3
Ostc,3
Rab18,3
Rad50,3
Rnf187,3
Rpl36a,3
Rpl38,3
Rps17,3
Rps7,3
Scp2,3
Sil1,3
Skp1a,3
Slc25a1,3
Slc25a11,3
Slc25a51,3
Tbc1d9b,3
Tcea1,3
Ten1,3
Timp2,3
Tlr8,3
Tm9sf2,3
Ube3b,3
Ufc1,3
Usp14,3
Zdhhc3,3
42615,3
Aco1,3
Ak3,3
Arpc5,3
Asna1,3
Atp13a1,3
Bcap29,3
Bphl,3
Bscl2,3
C77080,3
Cat,3
Cdca2,3
Creb3l3,3
Ctsc,3
Ddx1,3
Ddx41,3
Ddx46,3
Decr2,3
Dock8,3
Dynlrb1,3
Etaa1,3
Etfa,3
Exoc4,3
Exosc9,3
Fam45a,3
Fkbp8,3
Gcc2,3
Ggh,3
Gpr110,3
Grpel1,3
Hist2h3c1,3
Ier3ip1,3
Ino80c,3
Kdelr1,3
Leprot,3
Lrrc59,3
Manba,3
Mff,3
Mpdu1,3
Mrps21,3
Mtx2,3
Ndufv2,3
Nsun2,3
Pask,3
Pet100,3
Plod1,3
Ppp3r1,3
Psmd1,3
Rexo2,3
Rims3,3
Rpl18a,3
Rpl23a,3
Rps25,3
Rsrc1,3
Sel1l,3
Snapin,3
Snx1,3
Soat1,3
Spc25,3
Ssr1,3
Stt3b,3
Tmed2,3
Tmem119,3
Trappc11,3
Uqcr10,3
Uqcrq,3
Usmg5,3
Vps45,3
Wdr18,3
Wwp1,3
Zdhhc14,3
Actr10,3
Adam9,3
Anapc1,3
Arhgap24,3
Armc10,3
Atp6v0d2,3
Blmh,3
Bmp2k,3
Cbx5,3
Ccdc136,3
Cdc123,3
Cenpn,3
Chchd2,3
Ckap2,3
Coa5,3
Cpne1,3
Cyfip1,3
Dars,3
Def8,3
Dock4,3
Eci2,3
Eid1,3
Fam108a,3
Fam173a,3
Glrx5,3
Gnb1,3
Hsd17b10,3
Htatip2,3
Irak4,3
Itm2c,3
Kcnab2,3
Lair1,3
Lamtor5,3
Map2k2,3
Mcm3,3
Mis18bp1,3
Mrps33,3
Myo1e,3
Naca,3
Nav2,3
Ndufa2,3
Ndufs1,3
Nmt1,3
Nt5dc2,3
Ostf1,3
Pigyl,3
Pon3,3
Ppib,3
Ppp3ca,3
Prex1,3
Prpf31,3
Prpf40a,3
Psmc6,3
Ptms,3
Racgap1,3
Rbbp4,3
Rnasek,3
Rnaset2b,3
Rnf130,3
Rpap3,3
Rpl15,3
Rpl22,3
Rpl35,3
Rpl39,3
Rpl6,3
Rps12,3
Rps28,3
Rtca,3
Sepp1,3
Setd3,3
Siae,3
Slc25a3,3
Spdl1,3
Srp72,3
Tmem205,3
Tmx3,3
Ubl5,3
Ubr3,3
Ybx1,3
Zdhhc21,3
2310044G17Rik,3
2700029M09Rik,3
42622,3
Abca3,3
Actl6a,3
Actr1a,3
Ak2,3
Akr1b10,3
Apip,3
Arl6ip1,3
Atp13a2,3
Atxn3,3
C1d,3
C330007P06Rik,3
Canx,3
Capn1,3
Ccdc43,3
Ccdc90b,3
Ccnb2,3
Ccng1,3
Cct5,3
Cd99l2,3
Cdc20,3
Cdk4,3
Cdk5,3
Copb2,3
Cox4i1,3
Ctbs,3
Cux1,3
Cwc15,3
Cyc1,3
Dap3,3
Dctn3,3
Dennd4c,3
Dmxl1,3
Dnmt3a,3
Dscc1,3
E430025E21Rik,3
Ebpl,3
Ercc3,3
Etfb,3
Evl,3
Fam124a,3
Fancd2,3
Fdft1,3
Foxl2os,3
Galk1,3
Galnt6,3
Gdpd5,3
Got2,3
Gpr108,3
Gtse1,3
H2afx,3
Hdgfrp3,3
Hist1h2be,3
Hist1h4d,3
Ipo8,3
Isoc2b,3
Klc4,3
Maea,3
Man2c1,3
Melk,3
Memo1,3
Mrpl11,3
Msl3l2,3
Myeov2,3
Mylk3,3
Ncaph2,3
Ndufc2,3
Nenf,3
Nqo2,3
Nras,3
Pak1,3
Pfdn5,3
Phka2,3
Phyh,3
Pih1d1,3
Pmpca,3
Pno1,3
Ppig,3
Ppm1g,3
Psma4,3
Psma5,3
Psmb2,3
Psmc1,3
Psmd12,3
Psmd9,3
Rassf3,3
Rnaset2a,3
Rps23,3
Rpsa,3
Slc25a10,3
Slc2a8,3
Snapc5,3
Snf8,3
Sri,3
Ssbp1,3
Taf9,3
Tcp1,3
Tgfbr1,3
Twf1,3
Urod,3
Zc3h12d,3
0610010F05Rik,3
9530068E07Rik,3
Adam10,3
Akr1c13,3
Aldh2,3
Ang,3
Ankrd28,3
Ano6,3
Ap3s1,3
Apeh,3
Arpc3,3
Arsk,3
Asb8,3
Asph,3
Atp8a1,3
B3galtl,3
Bclaf1,3
Capns1,3
Capza1,3
Chaf1a,3
Clta,3
Commd7,3
Dnmt1,3
Dpagt1,3
Eef1b2,3
Eif2b1,3
Eri3,3
Etfdh,3
Fam213a,3
Fbxl7,3
Fnip2,3
Gapt,3
Glo1,3
Gmps,3
Hiatl1,3
Ict1,3
Impa1,3
Kcnn4,3
Krtcap2,3
Lgals3bp,3
Lypla1,3
Mrps18c,3
Naa10,3
Ndufb4,3
Nosip,3
Os9,3
Pdia4,3
Pdia6,3
Pex19,3
Pi4kb,3
Pigt,3
Pola1,3
Psmb7,3
Rars,3
Rce1,3
Ripk1,3
Rnf150,3
Rnf26,3
Rps10,3
Serpinb6a,3
Snrnp25,3
Snrpc,3
Tmsb4x,3
Tmx1,3
Trappc13,3
Tsg101,3
Uqcrc2,3
Vldlr,3
Vps36,3
Vwa9,3
Xylt2,3
Yipf1,3
Zscan10,3
1810030O07Rik,3
2310008H09Rik,3
2700060E02Rik,3
2810407C02Rik,3
4931406C07Rik,3
5430435G22Rik,3
6720456H20Rik,3
Aagab,3
Acaa1a,3
Adi1,3
Agpat5,3
Alg10b,3
Anln,3
Anp32e,3
Asnsd1,3
Atad2,3
AU023871,3
B4galt6,3
Bola3,3
Ccs,3
Cdk18,3
Cercam,3
Cfp,3
Chmp1a,3
Cpne3,3
Cpped1,3
Cul2,3
Cyb561d2,3
Cyba,3
Dync1i2,3
Eif3m,3
Elp2,3
Emc7,3
Erp44,3
Fam3a,3
Fgfr1op2,3
Fig4,3
Fkbp3,3
Gdap1l1,3
Gm12191,3
Golt1b,3
Gpd1l,3
Gphn,3
Gsk3b,3
Gsto1,3
Hadha,3
Hagh,3
Itgb1bp1,3
Lims1,3
Man1a,3
Mapkap1,3
Mdh2,3
Mien1,3
Mrpl1,3
Mrpl12,3
Mrpl20,3
Mrpl30,3
Mrps15,3
Mtch2,3
Mthfd1,3
Nacc1,3
Nacc2,3
Ndufb6,3
Paf1,3
Pgls,3
Pigs,3
Psma6,3
Psme4,3
Pus10,3
Rab7l1,3
Rbm20,3
Rdh13,3
Rpl3,3
Rps27a,3
S100a1,3
Scoc,3
Sh3glb1,3
Sh3kbp1,3
Slc35a3,3
Slc35c2,3
Slc41a3,3
Smc4,3
Smek1,3
Smn1,3
Snx22,3
Snx6,3
Sod1,3
Spink2,3
Srp19,3
Ssna1,3
Stab1,3
Styx,3
Tex2,3
Timm50,3
Tmem165,3
Tmem168,3
Tmem173,3
Tmem19,3
Tmem30a,3
Tmx2,3
Trappc4,3
Uap1l1,3
Uhrf2,3
Vav3,3
Vmn2r-ps129,3
Vps29,3
Yif1a,3
1110059G10Rik,3
2310067B10Rik,3
2410015M20Rik,3
2610507B11Rik,3
5031439G07Rik,3
Acaa1b,3
Acaca,3
Acox3,3
Actn4,3
Adk,3
Agps,3
Ahcyl1,3
Akr1e1,3
Aldh16a1,3
Alg3,3
Ankrd50,3
Arl2,3
Atad1,3
B2m,3
Babam1,3
Bad,3
C1galt1c1,3
Ccdc12,3
Ccser1,3
Cd300lb,3
Cdc37,3
Cdc42,3
Cep104,3
Cetn2,3
Cgnl1,3
Chm,3
Chmp5,3
Cnot1,3
Cnpy2,3
Cog6,3
Copb1,3
Crtap,3
Csnk2b,3
Ctsz,3
Cul4a,3
D15Ertd621e,3
Dapk1,3
Dcaf7,3
Dcun1d1,3
Ddx19b,3
Dhdh,3
Dis3l2,3
Dld,3
Dnm1l,3
Drg1,3
Edf1,3
Ehmt2,3
Eif4b,3
Eif4g2,3
Eif5a,3
Entpd4,3
Epb4.1l1,3
Ext2,3
Fancl,3
Fbxo32,3
Fen1,3
Fn3krp,3
Fundc2,3
Gatad1,3
Gde1,3
Glipr1,3
Gm14137,3
Gm19424,3
Golm1,3
Grcc10,3
Hist2h2aa1,3
Hs2st1,3
Iah1,3
Iqce,3
Kifc1,3
Kri1,3
Krtcap3,3
Lactb,3
Lmbrd2,3
Lrp12,3
Lst1,3
Macrod1,3
Man2a2,3
Map2k5,3
Mea1,3
Metap2,3
Mib2,3
Mkrn2,3
Mms19,3
Mpc1,3
Mrpl19,3
Mrpl21,3
Mrpl23,3
Mrps22,3
Mrps23,3
Ms4a6d,3
Mtf2,3
Mtss1,3
Nans,3
Nap1l1,3
Ndufa8,3
Nhp2,3
Nipa2,3
Nr1d2,3
Nt5c,3
Nucb1,3
Nup205,3
Opa1,3
Oxr1,3
Parl,3
Pcdha4-g,3
Pdgfc,3
Pdk1,3
Pdk2,3
Pitpnc1,3
Ppdpf,3
Ppp1r7,3
Ppp2r1a,3
Prkra,3
Prps2,3
Psmd4,3
Ptdss2,3
Ptplad2,3
Ptpmt1,3
Ptpra,3
Rab14,3
Rad51,3
Rangap1,3
Rexo4,3
Ripply3,3
Rnaseh2b,3
Rpl18,3
Rpl34-ps1,3
Rps15,3
Scamp4,3
Scamp5,3
Scap,3
Sec11a,3
Sec13,3
Sh3bgrl,3
Slc31a1,3
Slc39a8,3
Smap1,3
Spc24,3
St6gal1,3
Strap,3
Stub1,3
Sumf2,3
Syap1,3
Tmed7,3
Tmem141,3
Tmem59,3
Tnpo1,3
Topors,3
Trappc6a,3
Trmt6,3
Txndc15,3
Ubxn1,3
Uckl1,3
Ufm1,3
Uhmk1,3
Upf3b,3
Vac14,3
Vti1a,3
Xrcc1,3
Zfp942,3
1700034F02Rik,3
1700037H04Rik,3
1810009A15Rik,3
1810043G02Rik,3
2210016F16Rik,3
3632454L22Rik,3
Abcg1,3
Acadm,3
Aifm1,3
Anapc4,3
Anxa1,3
Ap3b1,3
Apool,3
Arhgef9,3
Arl5a,3
Arl8b,3
Armc1,3
Arpp19,3
Ash2l,3
Atf6b,3
Atg5,3
Atl3,3
Atp1a1,3
Aurkaip1,3
B3gat3,3
Bbip1,3
Bms1,3
Bora,3
Bpnt1,3
Btf3,3
C230052I12Rik,3
Caprin1,3
Card11,3
Cc2d1a,3
Cd28,3
Cd38,3
Cd48,3
Cdc27,3
Celf4,3
Chchd1,3
Clpx,3
Cops2,3
Coro7,3
Cox10,3
Cplx3,3
Csde1,3
Ctsk,3
Cul3,3
Cul9,3
Ddi2,3
Ddt,3
Dek,3
Derl2,3
Dock7,3
Dpy30,3
Dym,3
Eef1d,3
Ei24,3
Eif2s1,3
Eif3k,3
Elovl2,3
Entpd7,3
Exoc2,3
Exosc8,3
Fads1,3
Fam105a,3
Fam175b,3
Fam53b,3
Fcgr4,3
Fggy,3
Fh1,3
Fundc1,3
Galnt7,3
Gltpd1,3
Gm11346,3
Gm13157,3
Gm13212,3
Gm3286,3
Gm5150,3
Gm5475,3
Gm5801,3
Gnai3,3
Gnptg,3
Gtf2a1,3
Gtf3c5,3
Gzf1,3
Haus4,3
Hdac6,3
Hddc2,3
Hgf,3
Hipk1,3
Hist1h1e,3
Hist2h2ac,3
Hras1,3
Hsbp1,3
Hsd3b7,3
Ift74,3
Igf2r,3
Il12a,3
Incenp,3
Ireb2,3
Itpa,3
Jkamp,3
Kctd5,3
Lamp2,3
Lamtor2,3
Lgals3,3
Lhpp,3
Lias,3
Lig4,3
Lman2,3
Lsm5,3
Ltn1,3
Lypla2,3
Man1a2,3
Mbd3,3
Mbnl1,3
Mcfd2,3
Mdfic,3
Me2,3
Metap1d,3
Mgmt,3
Mocs2,3
Mroh1,3
Mrpl15,3
Mrpl2,3
Mrpl51,3
Mtpn,3
Nagk,3
Ndufa1,3
Ndufa4,3
Ndufa6,3
Nicn1,3
Nln,3
Nnt,3
Npc2,3
Nubp2,3
Nudt21,3
Ociad1,3
Ormdl2,3
Osgep,3
Otub1,3
Papss2,3
Pcdha12,3
Pdap1,3
Pdcd10,3
Pde6a,3
Pex2,3
Pf4,3
Phyhd1,3
Pin1,3
Pmpcb,3
Polr3k,3
Ppih,3
Ppip5k2,3
Pqlc3,3
Prpf19,3
Prss46,3
Psmd10,3
Psme1,3
Ptcd1,3
Ptdss1,3
Pth1r,3
Ptma,3
Pwwp2b,3
Rab6a,3
Rad23b,3
Rala,3
Rasd2,3
Rbbp6,3
Retsat,3
Rin1,3
Rmnd5a,3
Rnf121,3
Rnf126,3
Rpl13,3
Rplp1,3
Rpp30,3
Rrp7a,3
Rsu1,3
Rtn4,3
Sdccag8,3
Secisbp2l,3
Setdb1,3
Sf3b5,3
Sfmbt1,3
Sharpin,3
Shfm1,3
Slc25a19,3
Slc25a24,3
Slc35b1,3
Slc48a1,3
Slc50a1,3
Slc9a7,3
Smek2,3
Snrpd3,3
Snx15,3
Snx29,3
St18,3
Stk36,3
Stx7,3
Susd3,3
Syt11,3
Tarbp2,3
Tceanc2,3
Thoc5,3
Timm23,3
Tm6sf1,3
Tmem106a,3
Tmem164,3
Tmem183a,3
Tmem184c,3
Tmem206,3
Tmem231,3
Tmem50a,3
Tmem97,3
Tmx4,3
Tpcn2,3
Triap1,3
Tspan14,3
Tssc1,3
Ttc13,3
Ttc14,3
Ttc7,3
Txn2,3
Tyrobp,3
Ubxn8,3
Usp1,3
Usp8,3
Vkorc1,3
Vkorc1l1,3
Vmn2r26,3
Vstm4,3
Wtap,3
Zc3h13,3
Zfand2b,3
Zfp386,3
Zfp697,3
Zmat5,3
0610007P14Rik,3
0610031J06Rik,3
1110001A16Rik,3
2410127L17Rik,3
2810428I15Rik,3
3110047P20Rik,3
Abcb8,3
Abcg3,3
Acot13,3
Actr8,3
Adam11,3
Agpat1,3
Akr7a5,3
Ankrd13c,3
Anxa8,3
Ap1b1,3
Ap1g2,3
Api5,3
Arl6ip4,3
Asb7,3
Asl,3
Atp6ap1,3
Atp6v0a2,3
B4galnt1,3
BC024139,3
BC026585,3
Bcar3,3
Brd7,3
Brip1,3
Brk1,3
Brms1,3
C1qbp,3
Calcoco2,3
Calr,3
Carkd,3
Ccdc53,3
Cd109,3
Cd200r4,3
Cd302,3
Cdk2,3
Cdk5rap3,3
Cdk8,3
Cdkal1,3
Celf2,3
Cep192,3
Cep250,3
Cep89,3
Chd8,3
Chpt1,3
Chrac1,3
Clcc1,3
Clic1,3
Cln6,3
Commd4,3
Commd8,3
Cops4,3
Cops6,3
Cox16,3
Crot,3
Cryl1,3
Cstf3,3
Cul4b,3
Cycs,3
Cyp4v3,3
Dazap1,3
Dbf4,3
Dbnl,3
Dcun1d5,3
Ddit4l,3
Dpy19l1,3
Dr1,3
Dut,3
Dzip3,3
E2f8,3
Eef2,3
Efha1,3
Efr3a,3
Emc3,3
Enox2,3
Ercc6l,3
Ermp1,3
Ern1,3
Exosc2,3
Fam172a,3
Fam192a,3
Fastkd1,3
Fbxw5,3
Fgfr1op,3
Fibp,3
Fzd3,3
Gak,3
Gatsl2,3
Gfm1,3
Gla,3
Gm13139,3
Gm13251,3
Gm13807,3
Gm6644,3
Gm8764,3
Gnb2l1,3
Gng12,3
Gpc1,3
Gpn3,3
Gstz1,3
Gtf3c3,3
Guk1,3
H2afv,3
H3f3a,3
Haus6,3
Heatr2,3
Hint2,3
Hist1h1c,3
Hmox2,3
Hnrnpab,3
Hyi,3
Idh2,3
Ikbkap,3
Immp1l,3
Impad1,3
Inpp4b,3
Inpp5b,3
Ipo11,3
Isoc1,3
Itga9,3
Kcnip3,3
Kif16b,3
Kifap3,3
Laptm4a,3
Ldlrad3,3
Ldlrap1,3
Lhfpl2,3
Lin7c,3
Lpgat1,3
Lrrc40,3
Lsm6,3
Matn3,3
Maz,3
Mctp1,3
Mfsd6l,3
Mgrn1,3
Mmgt1,3
Mphosph6,3
Mrpl4,3
Mrps11,3
Mrps16,3
Mrps28,3
Msantd4,3
Msto1,3
Mtfr1,3
Mut,3
Mvb12b,3
Myl6,3
Mysm1,3
Naa15,3
Narfl,3
Ndufab1,3
Ndufs5,3
Ndufv3,3
Nedd4l,3
Nkap,3
Nme4,3
Nono,3
Npepl1,3
Npm1,3
Nrcam,3
Ntan1,3
Nuak2,3
Nubpl,3
Nudt19,3
Nup155,3
Ost4,3
Padi2,3
Padi3,3
Pcdhb14,3
Pdhx,3
Pdp1,3
Pds5a,3
Pfas,3
Pin4,3
Pla2g7,3
Plekha3,3
Plk1s1,3
Pofut1,3
Pole2,3
Polr2b,3
Polr2l,3
Pomt1,3
Pop4,3
Ppap2c,3
Ppfia4,3
Ppp1cc,3
Ppp1r16a,3
Ppp2r1b,3
Prdm8,3
Prkar2a,3
Prkcb,3
Prkrir,3
Prmt5,3
Ptgr1,3
Ptp4a2,3
Ptrhd1,3
Qdpr,3
Rabggtb,3
Ran,3
Rassf2,3
Rbm27,3
Rfc2,3
Rgs1,3
Rgsl1,3
Rnf180,3
Rnf5,3
Rnpep,3
Rpgrip1l,3
Rpl7,3
Rps20,3
Rps3a1,3
Sash1,3
Scarb2,3
Sdf2l1,3
Sdhaf2,3
Serhl,3
Sh2d1b1,3
Skiv2l,3
Slc16a7,3
Slc35d2,3
Smarce1,3
Smc6,3
Snrnp200,3
Snx12,3
Spag5,3
Speg,3
Ssh3,3
St6galnac3,3
St8sia4,3
Stoml2,3
Suds3,3
Sumo2,3
Syce2,3
Sypl,3
Taf2,3
Tcirg1,3
Tctn1,3
Tep1,3
Tle4,3
Tm2d3,3
Tmem106b,3
Tmem134,3
Tmem167b,3
Tmem175,3
Tmem254c,3
Tmem65,3
Tnfaip8l2,3
Tomm20,3
Tpcn1,3
Tpt1,3
Traf7,3
Trmt1,3
Trnau1ap,3
Tubgcp2,3
Txn1,3
Txndc5,3
Ube2a,3
Ube2h,3
Ube2v1,3
Ube2v2,3
Ube2w,3
Ubiad1,3
Ubl7,3
Upf2,3
Utp6,3
Vdac3,3
Vipas39,3
Vipr2,3
Vma21,3
Vps53,3
Vwa5a,3
Wdr61,3
Wrb,3
Xdh,3
Yipf4,3
Ywhah,3
Zbtb38,3
Zbtb8os,3
Zdhhc6,3
Zdhhc9,3
Zfp52,3
Zscan2,3
