Symbols,Clusters
CST3,1
CX3CR1,1
SELPLG,1
TMEM119,1
SPARC,1
SERINC3,1
OLFML3,1
P2RY13,1
LGMN,1
HEXB,1
4632428N05RIK,1
FCGR3,1
PMEPA1,1
LY86,1
ABI3,1
P2RY12,1
RHOG,1
ABHD12,1
TGFBR1,1
CALR,1
FCRLS,1
RGS10,1
CD81,1
BIN1,1
SOX4,1
RNASET2A,1
CTSZ,1
GDI2,1
RNASET2B,1
TNFAIP8L2,1
SCAMP2,1
PLD4,1
RGS2,1
SLC29A3,1
CRYBB1,1
CYTH4,1
RNASE4,1
USP2,1
TAPBP,1
GNS,1
CD180,1
TREM2,1
FCGR1,1
SMAP2,1
TMEM173,1
JUN,1
SLCO2B1,1
ORAI1,1
GPR84,1
6230427J02RIK,1
CD68,1
SIGLECH,1
GNA15,1
CD14,1
CTSL,1
F11R,1
TGFB1,1
ERP29,1
P2RY6,1
TMEM59,1
EIF1,1
RHOB,1
ENTPD1,1
RTN4RL1,1
CYFIP1,1
1700017B05RIK,1
GOLM1,1
SLC2A5,1
GPR56,1
RAB3IL1,1
PDIA3,1
RDX,1
SLC35C2,1
IL10RB,1
HSPA5,1
LRRC33,1
LPCAT2,1
LAIR1,1
RPS6KA1,1
BMP2K,1
TGFBR2,1
CCNI,1
CXXC5,1
TSC22D4,1
GGCX,1
CCR5,1
SIPA1,1
GPR34,1
BSG,1
FOXN3,1
CD164,1
FAM105A,1
CASP8,1
YWHAH,1
PICALM,1
LPCAT3,1
NCF1,1
EVI2A,1
TPST2,1
CMTM7,1
TWF2,1
PNP,1
LYL1,1
D4WSU53E,1
NPTN,1
ASAH1,1
IFNGR1,1
MGAT1,1
SLC16A6,1
CNPY3,1
CCL4,1
PHYHD1,1
PPT1,1
ECSCR,1
FAM110A,1
APOBEC3,1
ANXA3,1
ZFHX3,1
CLPTM1,1
SYNGR2,1
BCL2L1,1
STARD3,1
SERPINE2,1
IL16,1
BLNK,1
FMNL3,1
RGS19,1
INPP5D,1
SCAMP5,1
CD63,1
RNF130,1
ABCA9,1
ERGIC3,1
GNG10,1
GM4980,1
SGPL1,1
ZFP691,1
KCTD12,1
IER5,1
MAT2A,1
CALM2,1
FSCN1,1
SUSD3,1
MALAT1,1
GAL3ST4,1
CEBPD,1
TLR13,1
BTG2,1
NUAK1,1
MFAP3,1
SLC46A1,1
MBOAT7,1
TNFRSF1B,1
9830001H06RIK,1
TANC2,1
GPR183,1
SUN2,1
IL10RA,1
PIP4K2A,1
CTTNBP2NL,1
NRP,1
TMEM55B,1
TUBB2A,1
RNF13,1
SEL1L,1
1500010J02RIK,1
CTC1,1
KCNK6,1
EGR1,1
0610007C21RIK,1
HPS4,1
LRRC3,1
DUSP7,1
EXTL3,1
NDFIP1,1
IL6ST,1
C3AR1,1
IFNGR2,1
TIFA,1
IL4RA,1
DAGLB,1
ZFP36L1,1
CCDC107,1
RASAL3,1
TLR9,1
GORASP2,1
HERPUD1,1
CDK5R1,1
CRYBA4,1
EPB4.1L2,1
MOSC2,1
RAB11A,1
SCAMP3,1
ST3GAL6,1
TMEM66,1
FAM49B,1
NFE2L2,1
CEBPA,1
RAP1GDS1,1
SYNGR1,1
TMUB2,1
TXNDC15,1
PAG1,1
PAQR7,1
DCAKD,1
ARHGAP27,1
ANG,1
CD34,1
PLCL2,1
MKNK1,1
SALL3,1
ADORA3,1
MGAT4A,1
IL21R,1
RILPL1,1
B130006D01RIK,1
ATF4,1
HAVCR2,1
HHEX,1
SESN1,1
RHOH,1
SPSB1,1
GPAA1,1
LHFPL2,1
SH2B2,1
ARHGAP25,1
BMYC,1
EDEM2,1
SALL1,1
VEGFB,1
TM2D3,1
TMEM147,1
TSPAN14,1
RTN4,1
YTHDF2,1
IRF3,1
PHXR4,1
HS1BP3,1
CAPN3,1
PIK3CD,1
SERINC1,1
H47,1
SKI,1
CMTM6,1
ERF,1
BHLHE41,1
MEF2C,1
MARS,1
RPTOR,1
IRF9,1
TRIM47,1
DYNC1I2,1
PTP4A3,1
STX5A,1
SLC1A3,1
DDX3X,1
0610040J01RIK,1
CLN5,1
TMED7,1
CLSTN1,1
0610010K14RIK,1
INO80E,1
LMO2,1
DTX4,1
MAST3,1
AKR1B10,1
SLFN8,1
SMPD1,1
RASGRP3,1
SNX6,1
IRGM1,1
OXCT1,1
SFT2D1,1
SRGAP2,1
RUNX1,1
TMEM100,1
TACC1,1
TMEM104,1
TM9SF2,1
YIPF5,1
MTAP1S,1
PELI1,1
LEMD2,1
LDHB,1
ABHD15,1
TIGD2,1
FAM134B,1
PTPRO,1
PTTG1IP,1
COPS4,1
CD33,1
PLXDC1,1
HIVEP3,1
STX7,1
CCL3,1
DNAJB9,1
PTPRA,1
CAMK2N1,1
KLRAQ1,1
DCBLD2,1
MCFD2,1
SLC46A3,1
PPFIA4,1
SLC35B1,1
ARL4C,1
CTSF,1
SLC35B2,1
ATP6AP2,1
FUCA2,1
YKT6,1
1810063B07RIK,1
ZFP787,1
SLC12A9,1
ZMPSTE24,1
ARHGAP22,1
COMMD8,1
PNRC2,1
AKIRIN2,1
TLR7,1
DERL2,1
N4BP1,1
FAM167B,1
ITPRIPL1,1
RIN2,1
PPP2R2A,1
RCSD1,1
CMTM8,1
CLASP2,1
NUDT16L1,1
PACSIN2,1
D18ERTD653E,1
JAGN1,1
RTN1,1
GIT2,1
TSPAN3,1
SFT2D2,1
PDGFB,1
ACVR2B,1
TMEM63A,1
LPAR6,1
HPGDS,1
LEPREL1,1
GPR146,1
VHL,1
CD151,1
PRKAB1,1
ELK3,1
SPPL3,1
TPCN1,1
UBE2J1,1
TMEM135,1
ARMC5,1
CFH,1
MID1IP1,1
GPR160,1
SLC7A8,1
IL4I1,1
NUP62-IL4I1,1
MAML2,1
GATC,1
B4GALT4,1
OSBPL11,1
CNOT8,1
OPHN1,1
ZFPM1,1
NRIP1,1
STARD5,1
ITGB3,1
LMF1,1
ABCA1,1
FRMD4A,1
ABHD6,1
CNOT2,1
LPXN,1
COL27A1,1
TMEM179B,1
ALG5,1
B3GALT4,1
LAT2,1
RAPSN,1
ARL8B,1
IFFO1,1
PRPSAP2,1
SNAPC2,1
TAGAP,1
GEM,1
SMAD7,1
NEK6,1
ST6GALNAC4,1
ZFAND5,1
STRADA,1
SCAMP1,1
PAK1,1
SLC9A9,1
DUSP6,1
ATP6V0A1,1
TNFRSF21,1
ARSB,1
LAPTM4B,1
LRRC8A,1
FIZ1,1
SLC16A3,1
1810011H11RIK,1
ZBTB45,1
TTC1,1
ADRB2,1
MZT2,1
6430527G18RIK,1
PROS1,1
SRPRB,1
B3GALNT1,1
D8ERTD82E,1
THRSP,1
DERP6,1
RAI12,1
UBE2H,1
WASF2,1
SRD5A3,1
BICD2,1
2700062C07RIK,1
MPI,1
MAP2K1,1
KCNK12,1
SNN,1
BC013529,1
STAU1,1
2510009E07RIK,1
DDAH2,1
PLSCR3,1
GGT5,1
ALG3,1
YIPF4,1
TMEM175,1
GTF2H2,1
SLC10A3,1
SERPINF1,1
FAM102B,1
CAML,1
CLDND1,1
ERLEC1,1
GCNT1,1
GM10790,1
CGRRF1,1
MFSD11,1
MGRN1,1
CSF3R,1
TRP53I13,1
RNF139,1
REXO1,1
ZFP260,1
BMF,1
OTUB1,1
CABLES1,1
MFNG,1
ZFP513,1
TNFAIP1,1
SLC38A7,1
PIK3CG,1
SEMA4D,1
USP10,1
KLHL18,1
ANKRD57,1
MTUS1,1
NUMA1,1
ARAP3,1
MFHAS1,1
GP9,1
MATK,1
RDH14,1
TMEM206,1
DOCK10,1
PXMP3,1
PTPLAD1,1
PPP1R9A,1
PNP2,1
ETV5,1
IRGM2,1
APOM,1
RBM26,1
FAM125B,1
NAA35,1
KCNK13,1
LEPROTL1,1
CHST7,1
PFKFB3,1
MLPH,1
ADAM10,1
MED7,1
ST3GAL2,1
TMEM101,1
SLC12A2,1
HSPB1,1
PLXNA4,1
SPATA13,1
ARID3B,1
FBRSL1,1
PDDC1,1
ARHGAP5,1
GALNT1,1
PWWP2A,1
KIF21B,1
MAD2L1BP,1
CCNG2,1
CYP4V3,1
MAN1C1,1
CYP4F13,1
AGA,1
SP1,1
ZFP579,1
1600012H06RIK,1
DNLZ,1
SLC2A1,1
GALNT10,1
PTPLB,1
FLI1,1
HSPB3,1
PDE3B,1
MED22,1
ADNP,1
TCF4,1
CARD6,1
EIF2C1,1
LBX2,1
GAB1,1
TMEM185B,1
ZFP282,1
ATP6V0A2,1
GM672,1
ABCD3,1
B3GNT1,1
MEF2A,1
PAPSS1,1
A530088E08RIK,1
G6PC3,1
ENDOD1,1
NPNT,1
OAF,1
SLC35E2,1
9030625A04RIK,1
SYT11,1
NEURL1A,1
ZFP238,1
MSRB2,1
B430010I23RIK,1
GM3230,1
1-Mar,1
CSF1,1
EPC2,1
TTC3,1
NAV3,1
IL13RA1,1
CCDC134,1
HK2,1
CSAD,1
CHSY1,1
RP2H,1
UNC45A,1
5730403B10RIK,1
NDST2,1
TSPYL1,1
ATAD1,1
CD276,1
FAM3A,1
SIPA1L2,1
SUPT7L,1
DAGLA,1
NCKAP5L,1
TSPAN7,1
DENND4C,1
FAM46C,1
KBTBD2,1
LPAR5,1
TMEM204,1
KLK8,1
ARHGEF40,1
PLAU,1
WSB1,1
PCDHGA1,1
PCDHGA10,1
PCDHGA11,1
PCDHGA12,1
PCDHGA2,1
PCDHGA3,1
PCDHGA4,1
PCDHGA5,1
PCDHGA6,1
PCDHGA7,1
PCDHGA8,1
PCDHGA9,1
PCDHGB1,1
PCDHGB2,1
PCDHGB4,1
PCDHGB5,1
PCDHGB6,1
PCDHGB7,1
PCDHGB8,1
PCDHGC3,1
PCDHGC4,1
PCDHGC5,1
SPNS3,1
TSPAN18,1
SCOC,1
SYPL,1
BCDIN3D,1
CHMP1B,1
WHRN,1
ASB10,1
CYB561D1,1
RNF215,1
FCHSD2,1
SLC24A3,1
ZFP580,1
B4GALT3,1
SLC39A4,1
KDM2B,1
ZFP553,1
ST6GAL1,1
ZFP747,1
BC046404,1
KCNIP3,1
4933421O10RIK,1
ACER3,1
MAN1A2,1
4933403F05RIK,1
BID,1
SLC16A13,1
BTBD6,1
RAB6B,1
CCL12,1
ITGAV,1
NOS1AP,1
C87436,1
ARVCF,1
4930594C11RIK,1
KLHDC8B,1
UPK1B,1
GLT8D1,1
GM10345,1
NUDT7,1
SGCE,1
GGTA1,1
TBXAS1,2
CD79B,2
TGTP2,2
ARF2,2
C1QB,2
C1QA,2
CLEC4F,2
CSF1R,2
C1QC,2
APOC1,2
BASP1,2
AIF1,2
POU2F2,2
CD5L,2
TMEM86A,2
CTSB,2
GNGT2,2
MARCKS,2
GRN,2
ID3,2
ITM2C,2
RRBP1,2
ISG15,2
FYB,2
BLVRB,2
HPGD,2
PTGS1,2
LST1,2
SLC15A3,2
ADAP2,2
SLC11A1,2
PURA,2
FOLR2,2
KLF6,2
SLC40A1,2
ALB,2
MAFB,2
RSAD2,2
OGFRL1,2
DMPK,2
CKB,2
ARRB2,2
BST2,2
TMEM37,2
LGALS3BP,2
APOBEC1,2
AF251705,2
PLXNB2,2
APOA1,2
ZBTB20,2
CLEC1B,2
PLEKHO1,2
BC013712,2
ITGB5,2
PDLIM4,2
IL18BP,2
LRRC25,2
LIMD2,2
SON,2
MIR142,2
GBP6,2
CD300LD,2
LFNG,2
HK3,2
DCXR,2
LGALS9,2
SLC7A7,2
MXD4,2
FAM100A,2
CD163,2
IFNAR2,2
AHSG,2
APOA2,2
TAP1,2
HMOX2,2
MAF,2
SERPINA1B,2
NRP1,2
RTP4,2
OASL1,2
PLOD1,2
FGD2,2
2010110P09RIK,2
ENG,2
UNC93B1,2
VSIG4,2
SERPINA1C,2
CCL24,2
SLC39A1,2
ICAM1,2
HFE,2
IRF1,2
RGL1,2
FAM176B,2
CLEC4G,2
TMCC3,2
GPR182,2
P2RX4,2
RNF31,2
PSMA6,2
CD300A,2
LY9,2
IFIT3,2
DHRS1,2
ACP2,2
GNMT,2
RASGEF1B,2
ARAP1,2
PSMB9,2
TRAFD1,2
ZNFX1,2
RBFOX3,2
EIF2AK2,2
LCP2,2
SERPINA1D,2
2810025M15RIK,2
PPP1R15A,2
SERPINA3G,2
TCFE3,2
SREK1IP1,2
ADCY4,2
CXCL10,2
CD209F,2
TTR,2
ARHGAP17,2
SMAGP,2
VPS37B,2
TPP1,2
C6,2
SAT1,2
SERPINA3K,2
BANK1,2
CALHM2,2
CADM1,2
STAT2,2
GM4951,2
HPX,2
EPHX1,2
TBC1D2B,2
TRPM2,2
PLEKHA2,2
DGKZ,2
SNTA1,2
NFKBID,2
HS6ST1,2
HES1,2
TPRA1,2
RAB20,2
UBTD1,2
ASB2,2
HPD,2
EHD3,2
BCL9L,2
UBXN6,2
UBA7,2
BC021614,2
TRIM30A,2
CCND1,2
SLC37A2,2
SIGLECE,2
6330416G13RIK,2
ADIPOR1,2
TAB2,2
TOR3A,2
ICOS,2
ABCC3,2
PDCD11,2
PYGB,2
AAGAB,2
H2-T24,2
CD207,2
WWC2,2
CBR1,2
TTC36,2
NUDT16,2
TSPAN4,2
IGTP,2
NFKBIZ,2
SERPINA1A,2
FEZ2,2
OPLAH,2
5133401N09RIK,2
PDGFA,2
EMR4,2
ITGA9,2
DRAM2,2
ABCG3,2
BC006779,2
HBEGF,2
USP21,2
CASP4,2
NR4A1,2
GBP8,2
CTNND1,2
WDFY3,2
GM962,2
IFIT1,2
TRIB1,2
RASA4,2
PLBD2,2
ATXN2,2
INPPL1,2
LRRK1,2
GPIHBP1,2
GM12250,2
FRMD4B,2
FGB,2
CBX6,2
HYAL2,2
LMBRD1,2
RCAN1,2
APOC4,2
NDST1,2
EFNB1,2
AGPAT3,2
SASH1,2
GRAP,2
FLT4,2
SNX8,2
DMWD,2
2810405K02RIK,2
ERI3,2
SERPINA3F,2
CTLA2B,2
RGS1,2
PARP9,2
ZDHHC14,2
ZFR,2
ZFP90,2
CDH5,2
RBP4,2
MARCKSL1,2
IFIH1,2
PARP10,2
TTC28,2
P4HA1,2
TMEM140,2
DDX60,2
ZSWIM6,2
SEMA4C,2
TGIF2,2
APOC3,2
NACC2,2
RAB43,2
TNS3,2
IFIT2,2
BATF2,2
SGSH,2
FABP7,2
CLIP1,2
AFMID,2
DBP,2
SLC39A13,2
DLC1,2
APOH,2
AMBP,2
SLC25A33,2
TBC1D1,2
SERPINC1,2
CDO1,2
ZDHHC18,2
VTN,2
CD59A,2
CD86,2
KLRK1,2
KDR,2
TCF7L1,2
SMYD5,2
BTBD11,2
PPP1R13B,2
UMPS,2
GDPD5,2
BTAF1,2
ARMC7,2
HAMP2,2
IIGP1,2
GSTA3,2
WDR60,2
SNAP47,2
TSPAN15,2
EXOC6,2
BGN,2
GC,2
PIGZ,2
NPR1,2
NDRG2,2
RETSAT,2
I830012O16RIK,2
GNG11,2
MAP3K8,2
ZFP532,2
ERG,2
SMAD6,2
FGG,2
USP42,2
ALDH1L1,2
GANC,2
USP12,2
ABL1,2
MDP1,2
ADA,2
PRKAR1B,2
MLLT6,2
PLVAP,3
ARHGAP39,3
HBA-A2,3
FTL1,3
BETA-S,3
HBB-B1,3
HMOX1,3
ACTN1,3
ARPC1B,3
RBM25,3
HSP90AB1,3
AXL,3
TRF,3
SDC3,3
MERTK,3
CD82,3
VCAM1,3
FCNA,3
GLG1,3
CREG1,3
RNF149,3
PLA2G15,3
PLD3,3
NR1H3,3
LRP1,3
MAN2B1,3
SERPINB6A,3
SIRPA,3
DNASE2A,3
RXRA,3
IL6RA,3
ZC3H11A,3
HCLS1,3
EPN1,3
LARP1,3
TOP1,3
LUC7L3,3
ID2,3
ATP13A2,3
MTDH,3
LIPA,3
CRIP2,3
SRSF11,3
CHD4,3
PURB,3
NGP,3
ZBTB4,3
GNB2,3
IRF8,3
ACTN4,3
RALBP1,3
SFRS18,3
PTPN1,3
JUP,3
FCGRT,3
SPIC,3
VCP,3
EIF4G3,3
STAT1,3
ETFB,3
HEXA,3
RBM39,3
ANO6,3
DEK,3
VASP,3
ATXN7L3B,3
NMT1,3
9230105E10RIK,3
TGM2,3
KCNA2,3
LCN2,3
ARPC4,3
STK40,3
ARID4A,3
PABPN1,3
TMEM50A,3
PPT2,3
HEBP1,3
SLC4A1,3
CNDP2,3
STAB2,3
EVL,3
TMEM14C,3
LTF,3
PRDX2,3
YTHDC1,3
PRRC2A,3
GRB2,3
S100A9,3
TCOF1,3
ACIN1,3
PARVG,3
CSRP1,3
TREML4,3
PHB,3
DNM2,3
PISD-PS1,3
BLVRA,3
ADRBK1,3
GLT25D1,3
KLF7,3
2510006D16RIK,3
ZFP703,3
ALDH3B1,3
GFRA2,3
DNAJC5,3
SLC48A1,3
BRD2,3
ZC3H13,3
GRINA,3
AKT1,3
SLC3A2,3
ARGLU1,3
RP9,3
FILIP1L,3
GPSM3,3
MARK2,3
PRPF38B,3
NEU1,3
IL18,3
2310033P09RIK,3
FHOD1,3
SF3B2,3
ARHGEF2,3
ADRBK2,3
MVP,3
EIF3A,3
INF2,3
FAM126A,3
RAD23A,3
TCIRG1,3
POR,3
EHMT2,3
SH3BP5,3
CAMP,3
NCOR1,3
PPAP2B,3
ATXN2L,3
STIM1,3
VAV1,3
LAP3,3
PCOLCE2,3
PSMD4,3
DLEU2,3
KDM6B,3
MRC1,3
CHD8,3
CLCN4-2,3
PRKAR2A,3
AGAP1,3
RBBP6,3
FAM114A2,3
PNPLA2,3
SLC6A6,3
IFI35,3
IGSF8,3
ITGAD,3
IGF1,3
CCDC34,3
TBC1D13,3
S100A8,3
CSNK1G2,3
CSDE1,3
HIPK2,3
CDC42EP2,3
GTF2IRD1,3
ADRB1,3
KDM2A,3
SLTM,3
FAM195B,3
TCF25,3
SLC29A1,3
SIPA1L1,3
SNRNP27,3
CELA1,3
PIAS4,3
VAMP5,3
DDIT4,3
SEC62,3
KIF5B,3
ANP32A,3
TCF7L2,3
UAP1L1,3
NAGK,3
HBA-X,3
BAT1A,3
KEAP1,3
NFKB2,3
SRSF12,3
SFXN1,3
MAFG,3
ZRANB1,3
B430306N03RIK,3
PRDX1,3
GLRX5,3
NOP58,3
FAM53B,3
PDAP1,3
HIP1,3
GSK3A,3
FAM129A,3
PLEKHM2,3
BRD3,3
RNF166,3
TMEM208,3
GCLM,3
EPB4.1L3,3
ALAS2,3
PKP4,3
SLC44A2,3
LEPROT,3
GGNBP2,3
AQP1,3
STX16,3
SCARB1,3
B230208H17RIK,3
CSNK1E,3
DTX3L,3
FAM168A,3
STAT3,3
HAP1,3
RNPEPL1,3
SUPT6H,3
EPRS,3
ZFP385A,3
FYN,3
IGFBP7,3
METTL1,3
NIACR1,3
MPP6,3
MED16,3
TSN,3
CDV3,3
ALAD,3
EXT1,3
SPOP,3
CD3EAP,3
CCNL1,3
LPIN2,3
UPF3B,3
PSMD7,3
TAF3,3
2210018M11RIK,3
NCOA4,3
SLC43A2,3
CDK11B,3
ASRGL1,3
CD300E,3
LARP7,3
CEBPZ,3
NPEPPS,3
TNRC6A,3
BET1L,3
HS3ST2,3
MLL5,3
AW112010,3
SSRP1,3
SRRM1,3
HDLBP,3
ZFP91,3
CMBL,3
TMEM106A,3
SREBF1,3
TRIM56,3
ZRSR2,3
EIF2S2,3
PRKACB,3
HNRNPUL2,3
PLEKHM1,3
TMEM141,3
NOD1,3
SNED1,3
FECH,3
CHD7,3
SESN2,3
STK39,3
DNMT3A,3
THOC2,3
DST,3
PDE4B,3
TEX264,3
PIRA1,3
ACOT1,3
NKAP,3
SLC24A6,3
UBE2O,3
FLII,3
ABCC5,3
PPARGC1B,3
PPFIBP2,3
OGDH,3
BRD9,3
MAGT1,3
NAGLU,3
OPA3,3
EIF3J,3
MRAP,3
XAF1,3
TIRAP,3
TCFEB,3
ABCD4,3
WDFY4,3
PIRA7,3
PECAM1,3
DHX15,3
RNF181,3
PIRA4,3
PPARG,3
DENND1A,3
PIRA11,3
TMEM26,3
FAM133B,3
ZMYND8,3
LPCAT1,3
MYO10,3
SLC43A3,3
GPATCH4,3
PAOX,3
2400001E08RIK,3
HELZ,3
NRGN,3
GABARAPL1,3
NFE2L1,3
FAM65A,3
PHF21A,3
2510002D24RIK,3
GSK3B,3
PSMF1,3
MPHOSPH8,3
RCC1,3
RNF20,3
ECE1,3
ALDH16A1,3
PITPNM1,3
CASP1,3
TECPR2,3
MLLT1,3
MINK1,3
IMPDH1,3
RHD,3
GIGYF1,3
CD300LF,3
ODZ4,3
NFATC3,3
GALNT6,3
COL11A2,3
FBLIM1,3
THRA,3
AVPI1,3
PAQR9,3
UBQLN1,3
GAB3,3
CYFIP2,3
MAP2K7,3
SCRIB,3
AKR1B7,3
E130203B14RIK,3
CDK14,3
COCH,3
SH3BP2,3
PRPF4B,3
IFNAR1,3
DENND4B,3
SAC3D1,3
PCYOX1,3
CHST15,3
SNX24,3
ADPGK,3
NCKIPSD,3
VNN3,3
STK17B,3
CASC3,3
ATP13A1,3
MPZL1,3
PDCD2L,3
TTC38,3
TEF,3
SLC16A10,3
CHKB,3
CTSE,3
GYPA,3
ANKHD1,3
LIG1,3
PPAP2A,3
SLC16A9,3
TRRAP,3
ZBTB12,3
SLU7,3
TRA2B,3
ENPP1,3
TK2,3
LTB,3
ATG5,3
ELF1,3
EPOR,3
ACOT2,3
TCEA1,3
ZZEF1,3
GKAP1,3
DYSF,3
SIGLEC1,3
RETNLG,3
TBCEL,3
KIF23,3
CCR3,3
MAML3,3
TMPPE,3
VASN,3
ROCK1,3
ACBD3,3
WBP4,3
TMCC2,3
ACOT11,3
PLXNA1,3
CCDC125,3
ATAD3A,3
SH3GL1,3
PLEKHB2,3
TSPO2,3
DHRS11,3
ATP8A1,3
CLEC2D,3
HMBS,3
ISOC1,3
N6AMT1,3
RSRC1,3
SNX11,3
POT1B,3
TMEM222,3
PSIP1,3
TOPORS,3
C2,3
1700003F12RIK,3
PNN,3
LAS1L,3
RAPGEF6,3
SMOX,3
HLTF,3
SLC9A8,3
DDX55,3
TCF3,3
SFXN2,3
HNRNPA0,3
SLC12A7,3
RSRC2,3
HMGN5,3
CPLX2,3
HTATIP2,3
IVD,3
FKBP5,3
PUM1,3
CWC25,3
FLYWCH1,3
DNAJB13,3
KCNJ16,3
PTPRCAP,3
3-Mar,3
YLPM1,3
MTA3,3
RAP2B,3
NLRC4,3
UBXN2A,3
ST6GALNAC2,3
BCAT2,3
LARP1B,3
CEACAM16,3
LRRC45,3
TPCN2,3
GCFC1,3
SNUPN,3
ACBD4,3
COL1A2,3
FAIM3,3
TBC1D4,3
FERMT2,3
ABCB4,3
CLDN13,3
FCRL1,3
RGS3,3
GM10565,3
SPNA1,3
UNC5A,3
ZRSR1,3
MIIP,3
COG7,3
ERICH1,3
2310016C08RIK,3
PPWD1,3
CHI3L3,4
LAPTM5,4
CTSD,4
EAR2,4
CD9,4
LPL,4
EAR3,4
REEP5,4
LMO4,4
MARCO,4
LMNA,4
ABCG1,4
VAMP8,4
MAPK3,4
MT1,4
CENPB,4
CSF2RB,4
CYB5R3,4
HVCN1,4
KRT79,4
SFTPC,4
ATP6V0D2,4
1600029D21RIK,4
CD44,4
NCEH1,4
EAR1,4
TMEM160,4
SQSTM1,4
CD2,4
TMED5,4
F7,4
CIB2,4
LTC4S,4
SFPI1,4
PSEN2,4
ECH1,4
RHOC,4
TNFAIP2,4
CAR4,4
CYBASC3,4
CARD11,4
ATP6V1E1,4
CIDEC,4
1100001G20RIK,4
SORT1,4
NET1,4
GPNMB,4
SGK1,4
RENBP,4
GBA,4
KLHDC4,4
ITPR2,4
S100A1,4
PBXIP1,4
CD302,4
ACAA1B,4
RABAC1,4
CAPN1,4
TLR2,4
CPNE5,4
NFIX,4
REXO2,4
CTSK,4
UBASH3B,4
BZW2,4
PTPN12,4
DHRS7B,4
IRS2,4
EZR,4
MT2,4
PAK2,4
TMBIM1,4
CLIC4,4
PNPLA7,4
FPR1,4
ALAS1,4
MGAT4B,4
B3GNT7,4
FLT1,4
LILRA5,4
CHMP1A,4
FPR2,4
FABP1,4
HSD3B7,4
ZMIZ1,4
NCOR2,4
TMEM120A,4
SNRK,4
FDX1L,4
ADCY3,4
VAT1,4
SIGLEC5,4
9-Sep,4
GMPR,4
SLC25A1,4
CFB,4
XIST,4
YY1,4
XPNPEP1,4
OLR1,4
SPNS1,4
ACADS,4
TBC1D9B,4
RALGDS,4
LPIN1,4
PECI,4
EIF4G1,4
ALDH9A1,4
CTCF,4
HADHA,4
CLDN5,4
TMEM149,4
SRSF5,4
QDPR,4
SH2D1B1,4
ATF5,4
PPP1R14B,4
TRPV2,4
AKR1B3,4
TBRG1,4
DIAP1,4
P2RY14,4
TECPR1,4
LIMA1,4
ANGPTL4,4
COMTD1,4
AMZ1,4
ACOX3,4
PEX16,4
ATP10A,4
FFAR2,4
GAL,4
SLC39A2,4
CLMN,4
TNS1,4
HIST1H2BC,4
4930506M07RIK,4
GNL1,4
PON2,4
LARS2,4
HINT2,4
KAZALD1,4
GPCPD1,4
GAPVD1,4
ABHD5,4
UBE3A,4
HADHB,4
MYO7A,4
MYO1E,4
PERP,4
PHGDH,4
CLTB,4
PHLDA3,4
PDCD6,4
GAS2L1,4
SH3TC1,4
1110014N23RIK,4
CDK6,4
EAR10,4
ARHGAP31,4
MAP1LC3A,4
NLRX1,4
RAB44,4
SFTPA1,4
CYB5,4
PYGO2,4
CD22,4
ALDOC,4
SOCS2,4
NR2C2AP,4
SLC9A4,4
PAQR4,4
PRKAR2B,4
KCNA3,4
PEX11A,4
ZNRF1,4
DPP7,4
CHIC2,4
PXMP4,4
MRPS6,4
TRP53INP2,4
9030425E11RIK,4
MYOF,4
TTYH2,4
MVD,4
INMT,4
MMP19,4
RNU12,4
SFTPB,4
PNO1,4
GLRX3,4
RASIP1,4
CISH,4
TMEM154,4
TRIO,4
LACTB,4
PLD2,4
SLC7A2,4
PARP3,4
PRR5L,4
CDC42BPB,4
ACOX1,4
TMEM138,4
CHI3L1,4
RIOK1,4
GIMAP4,4
ANKRD13B,4
HDAC4,4
FAM108C,4
EXOC4,4
RUFY4,4
PON3,4
9430038I01RIK,4
SCGB1A1,4
C2CD2L,4
2810407C02RIK,4
UCP3,4
CLEC16A,4
RAMP2,4
PNPLA8,4
CCDC80,4
SPEF1,4
ZRANB2,4
AFAP1,4
DUSP5,4
INADL,4
MAP3K5,4
IQSEC1,4
MGP,4
RMRP,4
CD200R4,4
TBC1D9,4
CYTH3,4
COX6B2,4
SPP1,4
CD200R1,4
TMEM216,4
SLC22A17,4
SYN1,4
TJP2,4
SEC14L2,4
MFSD7C,4
GADD45G,4
AGER,4
NAB2,4
LUZP1,4
PPM1J,4
CORO2B,4
KCNN3,4
SLC6A4,4
MED19,4
CPNE8,4
MCOLN3,4
RORA,4
1190002H23RIK,4
ARL13B,4
CH25H,4
X99384,4
EPAS1,4
SLC25A25,4
TRIM29,4
LYZ2,5
VIM,5
CCL6,5
CALM1,5
FN1,5
EMP3,5
ANXA2,5
ALDOA,5
CAPG,5
ARHGDIB,5
LSP1,5
FXYD5,5
EIF5A,5
EMILIN2,5
SEPX1,5
LYZ1,5
CYBB,5
COX6A1,5
COTL1,5
ATP5B,5
TKT,5
TAGLN2,5
CEBPB,5
IQGAP1,5
SMPDL3A,5
ALOX5AP,5
RNH1,5
PYGL,5
SLPI,5
PLIN2,5
CDC42EP3,5
F10,5
BC096441,5
TNFSF13,5
GPX4,5
S100A10,5
HN1,5
NFE2,5
GSTM1,5
PITPNA,5
CSF2RA,5
MPP1,5
ITGB2,5
APP,5
STXBP2,5
GPI1,5
POLR2F,5
NCF2,5
NDUFB8,5
RHOA,5
H2AFZ,5
TXN1,5
UNC119,5
PRR13,5
1810033B17RIK,5
NDUFS7,5
RAC1,5
GDA,5
PLEC,5
DOK3,5
ANXA1,5
FKBP8,5
ADIPOR2,5
TPPP3,5
HDGF,5
ENO1,5
SNX1,5
GM5506,5
PTPN7,5
LILRB4,5
GARS,5
FAM129B,5
BNIP3L,5
MGST1,5
RBMS1,5
CD24A,5
MTVR2,5
PLIN3,5
ALOX5,5
AURKAIP1,5
PDLIM1,5
GYG,5
MS4A8A,5
ADAP1,5
CDKN1A,5
CORO1C,5
PGD,5
ROBLD3,5
DEGS1,5
KLF9,5
ADD3,5
CAMKK2,5
DPP9,5
KCNAB2,5
KLF13,5
1500003O03RIK,5
TRAPPC5,5
CYTIP,5
ZNHIT1,5
ATG7,5
DPEP2,5
STK38,5
FABP4,5
PPP2R4,5
HPCAL1,5
EMILIN1,5
SERPINB1A,5
STOM,5
APLP2,5
BANF1,5
RARA,5
NFIL3,5
STK24,5
CBR2,5
TAX1BP1,5
UBE2A,5
C130050O18RIK,5
FABP5,5
PLOD3,5
CAPN2,5
PRPF8,5
HOPX,5
FLOT2,5
AKAP13,5
GLIPR2,5
PLAUR,5
NOL12,5
GP49A,5
ATP6V1B2,5
PARL,5
METRNL,5
APOB48R,5
AHNAK,5
ACAA2,5
ARL6IP4,5
SART1,5
DEF6,5
NKIRAS2,5
WARS,5
AGPAT4,5
LRRFIP2,5
BHLHE40,5
FRRS1,5
DCTN3,5
RBM3,5
RARG,5
FAM96A,5
SNX10,5
BATF,5
INCENP,5
BST1,5
SH3BGRL,5
NDUFB6,5
CPT1A,5
DDX41,5
AIM1,5
SPNA2,5
CYP4F16,5
NCOA1,5
1700037H04RIK,5
SFXN3,5
SPNB2,5
STRA13,5
TBC1D2,5
VPS53,5
MRI1,5
TUSC1,5
EBNA1BP2,5
MSRA,5
FAM63A,5
NRD1,5
DEPTOR,5
NEDD9,5
CD36,5
ACADVL,5
2900053A13RIK,5
ACAP3,5
IDH1,5
DGKA,5
PFKP,5
FAM69A,5
RDM1,5
MOCOS,5
TRADD,5
ABCD2,5
ATP2A3,5
RASSF3,5
RUSC1,5
WDTC1,5
AK8,5
RGS14,5
RASGRP4,5
DGKG,5
PDLIM7,5
DEF8,5
PTGIR,5
FARP1,5
VOPP1,5
DNASE1L1,5
FUT7,5
P2RY2,5
ALOX15,6
NFKBIA,6
FAM46A,6
PRG4,6
PADI4,6
KLF2,6
EMR1,6
PYCARD,6
DHRS3,6
SAA3,6
PTGIS,6
PNRC1,6
FLNB,6
ICAM2,6
RAP1B,6
PRTN3,6
PLXDC2,6
COMT,6
DRAP1,6
CAMK1,6
ST3GAL5,6
FGFR1,6
LRG1,6
NFIC,6
SERPINB2,6
APBB1IP,6
SELP,6
EDNRB,6
IFI27L1,6
ACLY,6
MFSD5,6
ITGAM,6
TIMD4,6
RAB32,6
TXNIP,6
TIMP2,6
RAB11FIP5,6
ITGB1,6
RILPL2,6
CD37,6
CALD1,6
TGFB2,6
TNFRSF1A,6
ARG1,6
LTBP1,6
FAM20C,6
PMP22,6
F5,6
WNT2,6
SERPINB10-PS,6
C4B,6
TNFAIP8,6
PTPRE,6
HGSNAT,6
RAB27A,6
PDLIM2,6
CNBP,6
UBXN4,6
HMHA1,6
SCN1B,6
PPP3CA,6
PLEK,6
ATP1B3,6
KHK,6
PELP1,6
THBS1,6
AI837181,6
BLES03,6
NUPR1,6
HBP1,6
GLUL,6
CCDC85B,6
GARNL3,6
KLHL6,6
ANAPC2,6
TRIM8,6
ITGA6,6
DUSP23,6
SQRDL,6
DUSP3,6
MBD1,6
GM4902,6
CMTM3,6
MLXIPL,6
ISYNA1,6
DRG1,6
DHRS7,6
AI467606,6
SNX2,6
CGNL1,6
SULT1A1,6
RNF216,6
TMCC1,6
SSBP4,6
HK1,6
GBP1,6
NSFL1C,6
MRFAP1,6
CMKLR1,6
ARSA,6
USP8,6
ENGASE,6
GNAQ,6
ANK,6
SPTLC2,6
NOTCH2,6
OSBPL9,6
PDE2A,6
ARRB1,6
YEATS4,6
MIR568,6
DERL1,6
9430023L20RIK,6
GATA6,6
ARHGEF3,6
NBEAL2,6
DNPEP,6
DAPP1,6
HAL,6
PFKL,6
CHST12,6
TFG,6
S1PR1,6
PGRMC2,6
RAD23B,6
CXXC1,6
FAM20A,6
UNC50,6
CXCL13,6
UBE2B,6
STT3B,6
PRRC2B,6
NME3,6
ARSG,6
ST3GAL4,6
LIMK1,6
CDAN1,6
CDC42EP4,6
POP5,6
IRF2,6
STXBP3A,6
4930444A02RIK,6
FBXW7,6
CTBP2,6
PHF15,6
TWISTNB,6
SH3KBP1,6
MAN2A1,6
AP1M1,6
LANCL1,6
ZFP706,6
FAF1,6
SMAD3,6
ADSS,6
BCAM,6
GIMAP6,6
SEC22B,6
GTF2I,6
USP3,6
D14ERTD668E,6
NTNG2,6
DNAJC30,6
CALML4,6
CLEC4D,6
RRAS2,6
NOTCH1,6
ZMYND11,6
GBE1,6
D15ERTD621E,6
SAMSN1,6
PID1,6
HTRA3,6
UVRAG,6
ARHGEF12,6
EVI5,6
ANKRD33B,6
DPM1,6
PIK3C3,6
VPS35,6
POLR3GL,6
CACYBP,6
PITPNC1,6
CRYL1,6
SNX27,6
NAIP1,6
OAZ2-PS,6
VAMP3,6
ZADH2,6
RAB22A,6
LBP,6
ATMIN,6
ARID1B,6
FKBP3,6
TMEM165,6
PIK3R5,6
SSR3,6
HDC,6
PLRG1,6
NFIA,6
ELOVL5,6
NAV1,6
NT5E,6
FAM43A,6
PITPNB,6
E030024N20RIK,6
B230312A22RIK,6
CCDC50,6
MIER1,6
ADAM8,6
NEDD4,6
GRHPR,6
MAST2,6
TIAM2,6
MIR326,6
CAV2,6
ACY1,6
KIFC3,6
LYVE1,6
MSTO1,6
KANK2,6
SNAP23,6
FHL3,6
MIR199B,6
MIR99A,6
C4A,6
ZCCHC11,6
RNF25,6
UAP1,6
GYPC,6
ST3GAL3,6
PHF11,6
AP1G1,6
D230025D16RIK,6
P2RX1,6
NUP85,6
CLEC4E,6
ASXL1,6
SLC9A3R2,6
PBX1,6
RFK,6
BAMBI-PS1,6
HIATL1,6
MFSD6,6
PBX3,6
HSPA12A,6
GNAI3,6
MTSS1,6
SPATA6,6
METAP1D,6
TUSC2,6
ANKLE2,6
E330033B04RIK,6
ARMC2,6
ENPP4,6
STX2,6
2310028H24RIK,6
CYP2AB1,6
GFOD1,6
GPR35,6
MAN1A,6
CAPN5,6
TOX2,6
FYCO1,6
AQP9,6
ACACA,6
MLLT4,6
PTGER4,6
ST8SIA6,6
GRTP1,6
AFAP1L1,6
DENND4A,6
GPRC5B,6
USP1,6
CAR6,6
POT1A,6
DPYSL3,6
ETNK1,6
ARHGAP29,6
FOXP4,6
RALGAPA2,6
C230081A13RIK,6
VMN2R26,6
PRKD3,6
H2-AA,7
CD74,7
APOE,7
H2-EB1,7
H2-AB1,7
TMEM176B,7
TMEM176A,7
H2-DMA,7
PLBD1,7
DNASE1L3,7
H2-K1,7
MS4A7,7
H2-DMB1,7
2210415F13RIK,7
LGALS4,7
APOL7C,7
REG3G,7
CXCL16,7
GM8221,7
CLEC4A1,7
PFDN5,7
5430435G22RIK,7
ATPIF1,7
AMICA1,7
HSPA1B,7
CIITA,7
KRT8,7
MRPL52,7
FABP6,7
MMP14,7
FGL2,7
DEFA6,7
CKMT1,7
SNX5,7
PEA15A,7
DMBT1,7
ZFP36,7
GM15308,7
GPX2,7
TLR12,7
GM15284,7
IL2RG,7
AP1B1,7
UQCR10,7
TSPAN1,7
CXCL9,7
ZMYND15,7
CD72,7
KLF5,7
RPN2,7
GM14851,7
CLDN7,7
IER3,7
OIT1,7
2200002D01RIK,7
PRSS32,7
MGL2,7
POLD4,7
CHCHD10,7
RUNX3,7
DEFA-RS7,7
CLCA3,7
EBI3,7
PPP1R1B,7
MUC2,7
MIF,7
CD4,7
DEFA-RS1,7
RAB25,7
SLAMF8,7
GUCA2A,7
CCDC23,7
ANTXR2,7
JUND,7
CDHR5,7
REG3B,7
KRT18,7
PHGR1,7
EID1,7
ZG16,7
HSPA1L,7
RNF19B,7
CD209A,7
SEPW1,7
PEBP1,7
SELM,7
TFF3,7
TLR1,7
SLCO3A1,7
2210404O07RIK,7
EIF4EBP3,7
H2-DMB2,7
H2-Q7,7
H2-Q9,7
AW011738,7
8430419L09RIK,7
STAB1,7
SLAMF7,7
CCL8,7
DYNLL2,7
BC055004,7
REG4,7
MMP12,7
PPA1,7
DEFA21,7
GSDMC4,7
HSPD1,7
2900026A02RIK,7
CCL17,7
GPR114,7
GNA11,7
2310028O11RIK,7
GPA33,7
4833422F24RIK,7
KLRB1B,7
RPP21,7
FCGBP,7
MUC13,7
SPINK4,7
CDX1,7
GSG1,7
CCDC102A,7
CYP27A1,7
COL6A2,7
LAD1,7
9130017N09RIK,7
KLRA2,7
SPECC1L,7
SFN,7
HSD11B2,7
PTPRF,7
TMEM45B,7
ATP1B1,7
MAPK13,7
MMP13,7
EPCAM,7
CDH17,7
CLCA4,7
VIL1,7
ELF3,7
FXYD2,7
RECQL5,7
RETNLA,7
TNIP3,7
AGR2,7
5-Sep,7
RNF186,7
GP1BB,7
CLEC10A,7
HNF4A,7
1810065E05RIK,7
BSPRY,7
CLDN3,7
STAP1,7
KMO,7
MYO1A,7
9530053A07RIK,7
CLEC2H,7
PRR15L,7
THBS4,7
LOXL3,7
C530028O21RIK,7
PSME1,7
HSP90AA1,7
ACP5,7
IGJ,7
FCGR4,7
HSPA1A,7
PLA2G7,7
DEFA20,7
NEURL3,7
DEFA17,7
LGALS2,7
CD83,7
DEFA3,7
PLA2G2D,7
GM7861,7
ITLN1,7
HIC1,7
AY761184,7
CLTC,7
FAM26F,7
ADAMDEC1,7
MMP9,7
NTPCR,7
ATF3,7
GBP3,7
TMEM229B,7
2010001M09RIK,7
BATF3,7
DEFA22,7
PRAP1,7
MYLK,7
OAT,7
TSC22D1,7
MMP7,7
NPL,7
STARD8,7
P2RX7,7
B4GALT6,7
TAGLN,7
NFATC2,7
CP,7
CD40,7
TBC1D8,7
TMEM88,7
NKX2-3,7
BIRC3,7
COL4A2,7
WNT4,7
GM14850,7
CCL2,7
DES,7
HSPH1,7
CCL25,7
TECK,7
ITM2B,7
SEPP1,7
RPS29,7
CTSC,7
JUNB,7
PIGR,7
CTSH,7
DUSP1,7
PF4,7
IL1B,7
EFHD2,7
COX5A,7
H2-M2,7
ECM1,7
DUSP2,7
ADH1,7
TPI1,7
TSPAN13,7
6330407A03RIK,7
PLTP,7
SLAMF9,7
NFKBIE,7
ACVRL1,7
CAR1,7
CCDC88B,7
EHD4,7
STARD10,7
KCNJ10,7
BCL2A1B,7
ROGDI,7
BCL2A1A,7
GADD45B,7
RCBTB2,7
IGFBP4,7
BCL2A1D,7
HIGD2A,7
SPINT1,7
GM13476,7
TM2D2,7
MS4A6B,7
WFDC2,7
LY6A,7
PAFAH1B3,7
FADS1,7
HOXB13,7
TGM3,7
BCKDHA,7
2310016M24RIK,7
CHKA,7
GATM,7
GTF2H5,7
S100A16,7
GAS6,7
HLX,7
GPR162,7
PPAP2C,7
SLC38A2,7
SCD2,7
GNG2,7
1810030J14RIK,7
SRC,7
SLC39A5,7
TNF,7
SPR,7
DBNDD2,7
H2-OA,7
ALDOB,7
CSRP2,7
CCRL2,7
SUSD1,7
FOSB,7
CREB3L1,7
CISD3,7
RFC2,7
KCNN4,7
NENF,7
HMGCS2,7
ST6GALNAC6,7
FBXO7,7
PYCRL,7
TAX1BP3,7
1300014I06RIK,7
METTL7B,7
HMGN1,7
PGCP,7
S100A14,7
TSPAN33,7
SYCN,7
2310004N24RIK,7
KLC4,7
HAO2,7
GPR89,7
INSL5,7
TRP53I11,7
SLC44A4,7
TSTD1,7
COL1A1,7
PYY,7
GSDMC2,7
ETS2,7
MMP2,7
LAG3,7
HIST1H2AP,8
LY6E,8
GNAI2,8
LY6C2,8
HIST1H2AG,8
CNN2,8
HIST1H2AC,8
ARPC2,8
HIST1H2AH,8
HIST1H2AN,8
HIST1H2AI,8
PKM2,8
S100A6,8
NAPSA,8
HP,8
FLNA,8
CRIP1,8
ACTG1,8
HIST1H2AE,8
HIST1H2AF,8
HIST1H2AK,8
TUBB5,8
HIST1H2AB,8
S100A4,8
ESYT1,8
PRDX5,8
ZYX,8
F13A1,8
PLAC8,8
G6PDX,8
KLF4,8
FES,8
CCND3,8
MYO1G,8
TSPO,8
MYO1F,8
C3,8
PSMA7,8
IL17RA,8
H3F3A,8
OAZ1,8
H2AFY,8
CAR2,8
CCR2,8
IRF5,8
PPP1CA,8
H2AFX,8
RIN3,8
ITGB7,8
FMNL1,8
HIST3H2A,8
TUBB2C,8
0910001L09RIK,8
TUBA4A,8
PRELID1,8
CCT7,8
PSMD8,8
CYC1,8
ARPC5,8
SETD8,8
1110008F13RIK,8
SHFM1,8
PLCG2,8
PSTPIP1,8
H2AFV,8
H2-KE2,8
SELL,8
ETHE1,8
ANAPC5,8
PPP2R5A,8
EMB,8
PRKCD,8
5031439G07RIK,8
CDK2AP2,8
NT5C,8
LTB4R1,8
SLFN1,8
PKN1,8
GLUD1,8
NECAP2,8
5430437P03RIK,8
CCDC109B,8
ARHGEF1,8
UQCRC1,8
2810417H13RIK,8
LILRA6,8
PIRA2,8
MCM5,8
LIMS1,8
1810031K17RIK,8
HIST2H2AA2,8
ABCD1,8
CDCA3,8
ARHGAP9,8
RASSF4,8
E2F2,8
PPP4C,8
TMEM109,8
MBD2,8
CKAP4,8
LIMD1,8
EVI2B,8
MS4A4C,8
MCM7,8
BRE,8
PNKP,8
CENPA,8
NUP210,8
RNASEH2C,8
STMN1,8
PRDX4,8
GM16517,8
TPM4,8
HMGB2,8
IL3RA,8
MRP63,8
CCNB2,8
1110007C09RIK,8
TTC7,8
MPND,8
2700094K13RIK,8
SPC24,8
HDAC5,8
CS,8
RBM38,8
ICT1,8
GLIPR1,8
MRPL33,8
ASS1,8
SMC4,8
LY6C1,8
UBE2C,8
SPG21,8
MRPL28,8
RAB3D,8
RANGAP1,8
ARL5C,8
PADI2,8
SF3B5,8
SLC35C1,8
LASS2,8
SORL1,8
COMMD4,8
MKI67,8
SIVA1,8
DAZAP1,8
PI16,8
TOP2A,8
UBE2S,8
JHDM1D,8
ABCA7,8
ACOT7,8
FAM111A,8
RACGAP1,8
HIST2H2AC,8
NSMCE4A,8
MCM6,8
KCTD10,8
CDK2AP1,8
KIF22,8
LMNB1,8
RRM1,8
C1RL,8
MS4A6C,8
MAPKAPK3,8
FBXW4,8
PGLYRP1,8
SRSF2,8
RASA3,8
ME2,8
FAM32A,8
MFSD10,8
FAM107B,8
CTSG,8
ARID3A,8
LRWD1,8
RNASEH2B,8
CDCA8,8
PLP2,8
CTPS2,8
GALNS,8
IFITM6,8
CAST,8
CD300LG,8
LMO1,8
HNRNPM,8
BIRC5,8
LTA4H,8
ASF1B,8
PSMB3,8
PLK1,8
BUB3,8
WDR26,8
N6AMT2,8
NDRG1,8
TACC3,8
NCAPD2,8
ALDH1B1,8
ATP1A3,8
MMP8,8
PKMYT1,8
CNOT3,8
RANBP1,8
CCDC9,8
BPGM,8
CDKN2D,8
EPB4.1,8
PPM1M,8
GAPT,8
PIK3R6,8
DERA,8
MPO,8
HAAO,8
CD177,8
NMRAL1,8
S1PR4,8
LBR,8
AURKB,8
CDT1,8
CDKN3,8
GALNT9,8
VPS36,8
SH2D3C,8
OCEL1,8
CCNA2,8
ANP32E,8
HIST2H2AB,8
POLD1,8
ARHGEF18,8
SUV420H2,8
HPSE,8
NASP,8
L1CAM,8
NRM,8
DDX39,8
CDK1,8
D2ERTD750E,8
FAM38A,8
PSAT1,8
UHRF1BP1L,8
MXD3,8
CEBPE,8
UPB1,8
POC1A,8
GM14548,8
KLRB1F,8
GSR,8
GGH,8
ADORA2B,8
FAM101B,8
RBKS,8
FBXO5,8
C1GALT1C1,8
KCTD20,8
2210020M01RIK,8
CCNF,8
FCHO1,8
VRK1,8
HAUS8,8
PTGR1,8
CDC25B,8
MAP4K1,8
CENPM,8
CKAP2L,8
GPR141,8
RFC5,8
TXNDC5,8
ACE,8
TREML2,8
FCNB,8
CHAF1B,8
BUB1B,8
CDC20,8
RPLP1,9
RPL32,9
RPS15,9
RPS20,9
RPL13,9
RPL22,9
ATP5D,9
UBA52,9
RPL26,9
RPL34,9
RPL34-PS1,9
RPS27A,9
RPL14,9
RPS26,9
RPL37,9
RPL28,9
RPL35,9
EEF1B2,9
RPL10A,9
RPS16,9
RPS28,9
GM10136,9
EIF3K,9
RPL18,9
GM6251,9
SNX3,9
OPRM1,9
SEC61B,9
ATP5F1,9
RPL6,9
EIF3I,9
UQCRH,9
ATP5J2,9
CSNK2B,9
TAF10,9
ATP5G2,9
RPS13,9
ATP5O,9
ATP5H,9
RPL15,9
MDH2,9
RPS7,9
RPL9,9
SLFN10-PS,9
CD93,9
RPL27,9
BTF3,9
FCGR2B,9
GFER,9
MTPN,9
RPS19-PS3,9
RPL36A,9
HSPE1,9
RPS12,9
NDUFA12,9
MRPL30,9
TUBB6,9
MS4A6D,9
SNRPG,9
FH1,9
GM12034,9
GAS7,9
POLR2J,9
SUB1,9
ATP5L,9
RPS27L,9
PTGES3,9
EIF3M,9
GPR132,9
TPT1,9
GM15427,9
RPS24,9
NME2,9
RPS10,9
RPL36,9
RPS17,9
COX5B,9
RPL36AL,9
KRTCAP2,9
GM15450,9
SOCS3,9
AI413582,9
CCR1,9
RPS27,9
RPL31,9
RPL35A,9
COX7A2,9
TTYH3,9
BAG3,9
PDCD5,9
DNAJB1,9
TSC22D3,9
2010002N04RIK,9
C5AR1,9
WDR89,9
RPS5,9
RPL4,9
FAU,9
RPLP2,9
RPL8,9
RPS14,9
CCL9,9
RPSA,9
RPS19,9
RPL23,9
RPL10,9
LDHA,9
YWHAE,9
EIF3F,9
2310036O22RIK,9
PSMB1,9
HINT1,9
NDUFA6,9
RPL7,9
XBP1,9
SNX20,9
NACA,9
COX7A2L,9
RPL11,9
SRGN,9
NDUFV2,9
NCF4,9
RPL29,9
NDUFB11,9
VDAC2,9
TXN2,9
OS9,9
GRCC10,9
2900010J23RIK,9
ADAM15,9
MYADM,9
FXC1,9
ATP5G1,9
ATP5C1,9
ARL11,9
EIF3C,9
SEC11C,9
MBNL1,9
MIR703,9
NPM1,9
SERP1,9
ITPRIPL2,9
DYNLL1,9
TIFAB,9
MRPS24,9
ATXN10,9
TOMM7,9
UGT1A1,9
UGT1A10,9
UGT1A2,9
UGT1A5,9
UGT1A6A,9
UGT1A7C,9
UGT1A9,9
UGT1A6B,9
CBFA2T3,9
DAB2,9
ADH5,9
RPL5,9
NDUFB2,9
15-9,9
2700060E02RIK,9
SELENBP1,9
CCT4,9
PSMC4,9
POLR1C,9
GUSB,9
UQCR11,9
CEACAM2,9
LAMP2,9
HSD17B10,9
CNIH,9
BTG1,9
CEACAM1,9
CMPK1,9
TMEM93,9
TLE3,9
CSF2RB2,9
TMEM50B,9
ATG3,9
ASNSD1,9
THAP11,9
NAA10,9
GOT2,9
PSMD6,9
PRCP,9
ARHGEF10L,9
GAMT,9
SELENBP2,9
PGS1,9
CNIH4,9
ACOT9,9
MRPS23,9
TSPAN32,9
RAP2A,9
FDPS,9
RBPJ,9
ARHGEF6,9
GMDS,9
NXT1,9
ARID5A,9
EDEM1,9
LDLR,9
VWA5A,9
ST8SIA4,9
DGKD,9
GM2A,10
RPS8,10
RPS21,10
RPS11,10
RPL27A,10
ELANE,10
CYP4F18,10
UQCRQ,10
CRLF2,10
CALM3,10
SSR4,10
GSN,10
GLRX,10
NUCB1,10
RPL23A,10
2410006H16RIK,10
COX7B,10
ATP5K,10
PDXK,10
MPEG1,10
RPL38,10
RPL24,10
GPX3,10
DBI,10
FUNDC2,10
FNBP1,10
CELF4,10
CLEC4A2,10
GPR18,10
FTH1,10
LGALS3,10
CORO1A,10
TMSB4X,10
RPL41,10
TYROBP,10
RPS3,10
RPS9,10
CTSS,10
GNB2L1,10
UCP2,10
RPS18,10
KRT19,10
RPLP0,10
LGALS1,10
B2M,10
COX4I1,10
IFI30,10
PSAP,10
TALDO1,10
FCER1G,10
CD52,10
SH3BGRL3,10
FOS,10
TMSB10,10
RPL37A,10
TGFBI,10
MIR682,10
AES,10
NPC2,10
LAMP1,10
PTMS,10
LCP1,10
CLEC7A,10
ANXA5,10
CTSA,10
CAPNS1,10
PTMA,10
GM13611,10
CCND2,10
YBX1,10
SHISA5,10
NDUFA2,10
MYH9,10
SERF2,10
HCFC1R1,10
MYL6,10
HIST1H1E,10
HIST1H1D,10
MIR692-1,10
CLEC4N,10
CSTB,10
NEAT1,10
COX6B1,10
ATOX1,10
PCBP2,10
ATP5E,10
H2AFJ,10
CXCL2,10
PPIA,10
RAB5C,10
S100A13,10
EDF1,10
NDUFB10,10
APRT,10
PIM1,10
1810027O10RIK,10
RPS3A,10
DSTN,10
NDUFA10,10
LSR,10
PFKFB4,10
GSTO1,10
NDUFA3,10
D8ERTD738E,10
LYPLA2,10
RPS25,10
PSMC3,10
BAG1,10
HIST1H1C,10
MYL12B,10
GLTP,10
RPS4X,10
ATP6V0E,10
PGLS,10
RAMP1,10
PHLDA1,10
IER2,10
2900073G15RIK,10
TMEM134,10
PSMD13,10
TOMM6,10
ITGAX,10
6720456B07RIK,10
CCL5,10
MRPL54,10
BOLA2,10
NAAA,10
B4GALNT1,10
NDUFS6,10
MRPL14,10
LSM4,10
MICAL1,10
RBFA,10
1500032L24RIK,10
3110003A17RIK,10
SEMA4A,10
ROMO1,10
S100A11,10
RALA,10
NANS,10
NHP2,10
2310044H10RIK,10
KLF10,10
HCST,10
CCDC72,10
FUCA1,10
GTF2F1,10
TPD52,10
SDF4,10
PGP,10
SREBF2,10
IL1RN,10
TRAPPC2L,10
HMGA1,10
HMGA1-RS1,10
SULF2,10
FAM125A,10
PREX1,10
ARPP19,10
NME1,10
CLEC4A3,10
SNRPD2,10
TRAPPC6A,10
ABR,10
CIB1,10
DAP,10
NEDD8,10
NDUFA9,10
NDUFA1,10
PLXND1,10
1810046J19RIK,10
GM885,10
POLR2A,10
2210411K11RIK,10
1110008P14RIK,10
NAP1L1,10
ELOF1,10
B3GNT8,10
POLR2L,10
PIGT,10
C030046I01RIK,10
NGDN,10
TSTA3,10
AP2B1,10
GM6788,10
SAMD1,10
ID1,10
PGAP2,10
COX6C,10
5033414D02RIK,10
TRAPPC1,10
DPM3,10
TOR2A,10
RFTN1,10
DAG1,10
DCTPP1,10
RWDD1,10
PSD4,10
PSMA4,10
SEC11A,10
EIF1AD,10
CDK16,10
GDF15,10
DDX21,10
ANXA4,10
HIST1H4C,10
ARRDC4,10
CLPB,10
CRIPT,10
SEPN1,10
RUNX2,10
CD101,10
SH3PXD2B,10
A430084P05RIK,10
CORO2A,10
DEDD2,10
DGAT2,10
FDFT1,10
FASN,10
HIST1H1B,10
PMVK,10
CSRNP1,10
CARHSP1,10
KCTD17,10
FCRLB,10
ABHD8,10
IMPA2,10
DHCR24,10
H2-T22,11
GPX1,11
CFP,11
IFI27L2A,11
IRF7,11
NINJ1,11
PTPN18,11
TLN1,11
CORO1B,11
IFITM3,11
H2-D1,11
ALDH2,11
SCAND1,11
PABPC1,11
TREX1,11
SLFN2,11
CD97,11
SOD1,11
9930111J21RIK1,11
LILRB3,11
AB124611,11
PILRA,11
RAC2,11
H2-T23,11
ACTR3,11
SAMHD1,11
MAPKAPK2,11
TMEM51,11
EHD1,11
ANP32B,11
OAS1A,11
EHBP1L1,11
EPSTI1,11
PLEKHO2,11
OAS1G,11
CTDSP1,11
IFITM2,11
EEF1G,11
RNPEP,11
FGR,11
SYKB,11
FERMT3,11
RRAS,11
IGSF6,11
EIF4E2,11
TMEM205,11
ITFG3,11
SNF8,11
PRDX6,11
SLFN5,11
IFI203,11
XDH,11
TAOK3,11
EIF4EBP2,11
ATP2B1,11
TEP1,11
ITGA4,11
NADK,11
PFN1,11
IFI204,11
MNDA,11
ATP1A1,11
DOK2,11
PLA2G16,11
OGFR,11
PILRB1,11
MNDAL,11
CTDSP2,11
MAPK14,11
PRKCB,11
ISG20,11
PML,11
GRK6,11
CLEC12A,11
DNAJC15,11
RASGRP2,11
PILRB2,11
IFI205,11
GPR65,11
BAK1,11
SP100,11
2610507B11RIK,11
OAS2,11
PSMG4,11
EIF4E3,11
PTPLAD2,11
ADSSL1,11
ZBP1,11
BC005537,11
CHD3,11
SLC25A10,11
ATP6V1A,11
CSDA,11
RNF10,11
LBH,11
ARHGAP4,11
D17WSU92E,11
ARF5,11
OASL2,11
CASP3,11
SNRNP200,11
CCDC12,11
MED25,11
AGTRAP,11
EXOC3,11
PTPN22,11
CAMK1D,11
SYNJ1,11
BAZ1B,11
PRAM1,11
CORO7,11
DDX49,11
MTA1,11
TK1,11
VILL,11
GM11428,11
IFI47,11
GBP2,11
NEK9,11
VPS16,11
DPH3,11
1110001J03RIK,11
APOC2,11
GGA1,11
ZCCHC24,11
IRAK4,11
SLC2A6,11
RIPK3,11
HDAC7,11
DCAF15,11
UBR2,11
BCL3,11
DAXX,11
IKBKE,11
MLKL,11
AP1G2,11
ARHGAP23,11
CMPK2,11
SNX21,11
PYHIN1,11
CCDC101,11
ST3GAL1,11
CD300LB,11
IRAK3,11
CD38,11
WHAMM,11
