Symbols,cluster
42431,1
42618,1
42623,1
42625,1
0610038B21Rik,1
1700001K23Rik,1
1700008O03Rik,1
1700020L24Rik,1
1700029I15Rik,1
1700037C18Rik,1
1700061G19Rik,1
1810009N02Rik,1
1810043G02Rik,1
2310067B10Rik,1
2700089E24Rik,1
2810007J24Rik,1
4921501E09Rik,1
4930505O20Rik,1
4930555F03Rik,1
4933402E13Rik,1
5330426P16Rik,1
5930412G12Rik,1
6030452D12Rik,1
6330549D23Rik,1
6430531B16Rik,1
8030462N17Rik,1
8430408G22Rik,1
9130008F23Rik,1
9930038B18Rik,1
A130077B15Rik,1
A2m,1
A430005L14Rik,1
A830005F24Rik,1
Aars2,1
Aasdhppt,1
Aass,1
Abca13,1
Abca6,1
Abca7,1
Abca8b,1
Abcf3,1
Abhd14a,1
Acads,1
Acadsb,1
Acan,1
Acat3,1
Ace,1
Acox2,1
Acta2,1
Actb,1
Actn3,1
Actr6,1
Actr8,1
Adam23,1
Adam8,1
Adamts10,1
Adck4,1
Adpgk,1
AF067061,1
Aff1,1
Afp,1
Agap2,1
Agxt2,1
AI118078,1
Aifm2,1
Aig1,1
Ajap1,1
Akap1,1
Akap3,1
Akr1c19,1
Akt1s1,1
Aldh1a2,1
Aldob,1
Alg3,1
Alg9,1
Alkbh3,1
Aloxe3,1
Alpk2,1
Alx3,1
Ambp,1
Amhr2,1
Amn,1
Ampd1,1
Amph,1
Anapc1,1
Ankar,1
Ankle1,1
Ankrd2,1
Ankrd40,1
Ankrd60,1
Ankrd7,1
Ano9,1
Aoc2,1
Aox1,1
Ap1m2,1
Ap2a1,1
Ap5m1,1
Apbb1ip,1
Aph1c,1
Apoa1,1
Apoa2,1
Apoa4,1
Apobec3,1
Apof,1
Apom,1
Aqp3,1
Arap1,1
Areg,1
Arfgap1,1
Arg2,1
Arhgap10,1
Arhgap8,1
Arid1b,1
Arid5b,1
Armc9,1
Arnt,1
Arpp21,1
Arr3,1
Art5,1
Asb17os,1
Ash1l,1
Aspscr1,1
Ass1,1
Atg9a,1
Athl1,1
Atp1a4,1
Atp6v1g2,1
Atrn,1
Atxn2l,1
Atxn7l3,1
B230118H07Rik,1
B3gnt9,1
Baat,1
Baiap3,1
Bank1,1
Batf3,1
BC049635,1
BC051665,1
BC080695,1
Bcap31,1
Bcat1,1
Bcl2,1
Bcl2l1,1
Bcl2l11,1
Bcl9l,1
Bex1,1
Bglap,1
Bhlhe41,1
Bhmt2,1
Birc6,1
Bloc1s3,1
Bmpr1b,1
Brca2,1
Brd4,1
Bricd5,1
Brinp3,1
Bscl2,1
Bsn,1
Btbd11,1
Btrc,1
Bysl,1
C330021F23Rik,1
C3ar1,1
C87414,1
Cacnb3,1
Cage1,1
Camkv,1
Camsap3,1
Capn5,1
Capn8,1
Capsl,1
Car12,1
Car4,1
Casc1,1
Cbfa2t2,1
Cby1,1
Ccdc11,1
Ccdc13,1
Ccdc171,1
Ccdc177,1
Ccdc59,1
Ccdc65,1
Ccdc97,1
Ccnd3,1
Ccr3,1
Ccr7,1
Ccs,1
Cd27,1
Cd99,1
Cdc26,1
Cdc42ep5,1
Cdcp1,1
Cdkn2aip,1
Cdsn,1
Cebpzos,1
Cep350,1
Cers5,1
Ces1a,1
Ces2b,1
Cfap221,1
Cga,1
Cgn,1
Cgnl1,1
Chchd10,1
Chd5,1
Chmp1a,1
Chmp2a,1
Chp1,1
Chpf,1
Chtf8,1
Cidea,1
Cirbp,1
Cited4,1
Ckmt2,1
Cldn1,1
Cldn2,1
Cldn6,1
Clec3a,1
Clec4f,1
Clec7a,1
Cnih4,1
Cnnm1,1
Cnot2,1
Cnot3,1
Cntrl,1
Col11a1,1
Col4a5,1
Col5a3,1
Cpn1,1
Cpxm1,1
Creb1,1
Creb3l3,1
Crispld1,1
Crtc1,1
Crygb,1
Crygd,1
Csmd1,1
Csn1s2b,1
Csn2,1
Csnk1g1,1
Csnk2a1,1
Cst9,1
Ctdnep1,1
Ctla2a,1
Ctnna2,1
Ctsw,1
Cubn,1
Cux2,1
Cwh43,1
Cyb5r3,1
Cyp11b1,1
Cyp2c55,1
Cyp2c67,1
Cyp2d11,1
Cyp3a13,1
Cyp4f15,1
Cypt8,1
D5Ertd577e,1
Dab1,1
Dapk3,1
Dcpp1,1
Ddc,1
Ddit3,1
Ddx17,1
Defa-rs12,1
Det1,1
Dhdh,1
Dhrs13os,1
Dhx32,1
Dis3l2,1
Dixdc1,1
Dlgap1,1
Dnajb3,1
Dntt,1
Dnttip2,1
Dock11,1
Dock3,1
Dscam,1
Dsg1c,1
Dsg4,1
Dst,1
Duox1,1
Duoxa1,1
Dupd1,1
Dus2,1
Dus3l,1
Dusp10,1
Dusp3,1
Dusp9,1
Dvl2,1
DXBay18,1
Dysf,1
Edem1,1
Edn2,1
Efhd2,1
Egln3,1
Ehd2,1
Ehmt2,1
Elf4,1
Eme1,1
Eml5,1
Emr4,1
Endog,1
Ep300,1
Ephx4,1
Epn1,1
Eppin,1
Eps8l2,1
Epyc,1
Eri1,1
Espl1,1
Esrra,1
Etnk1,1
Etnppl,1
Ets1,1
Exoc3l,1
Exosc10,1
Ext2,1
F13b,1
F2rl2,1
Fam122a,1
Fam132b,1
Fam162b,1
Fam184b,1
Fam188b,1
Fam21,1
Fam96b,1
Fam98c,1
Fance,1
Farp1,1
Fastk,1
Fbln1,1
Fbxl12os,1
Fbxl15,1
Fbxl18,1
Fbxl2,1
Fbxl6,1
Fbxo24,1
Fcrl5,1
Fermt2,1
Fga,1
Fgf2,1
Fgf6,1
Fiz1,1
Fmnl1,1
Fosl2,1
Foxa1,1
Foxa3,1
Foxb2,1
Foxf2,1
Foxi3,1
Frmd3,1
Frmd6,1
Furin,1
Fut1,1
Fut7,1
Fzd8,1
G3bp2,1
Gabarapl1,1
Gabrd,1
Gabrg1,1
Gal3st3,1
Gas2l2,1
Gata1,1
Gbp5,1
Gcfc2,1
Gdap10,1
Gdpd2,1
Gfi1b,1
Gfra1,1
Gga1,1
Gipc3,1
Git1,1
Gjb2,1
Gjd3,1
Gkn3,1
Gle1,1
Glis3,1
Glmn,1
Glp1r,1
Glrx2,1
Gls2,1
Gltpd2,1
Gm10548,1
Gm13141,1
Gm136,1
Gm13770,1
Gm166,1
Gm16867,1
Gm19696,1
Gm20217,1
Gm22,1
Gm4130,1
Gm4801,1
Gm4858,1
Gm5414,1
Gm5476,1
Gm6034,1
Gm806,1
Gm9978,1
Golga7,1
Gpd1,1
Gpr126,1
Gpr128,1
Gpr149,1
Gpr156,1
Gpr6,1
Gstt1,1
Gtf2h5,1
Gtpbp1,1
Gtpbp6,1
Gtsf1,1
Gucy2f,1
Guf1,1
Gyltl1b,1
Gzmn,1
H2bfm,1
H2-D1,1
Haao,1
Habp2,1
Haghl,1
Hapln1,1
Hc,1
Hcls1,1
Hdac6,1
Heatr5a,1
Hectd2,1
Hemgn,1
Hesx1,1
Hfe2,1
Hic1,1
Higd1a,1
Hipk1,1
Hipk3,1
Hipk4,1
Hist1h2ae,1
Hkdc1,1
Hnrnpa2b1,1
Hook1,1
Hook2,1
Hoxa10,1
Hoxc8,1
Hoxd10,1
Hpd,1
Hpn,1
Hps1,1
Hps5,1
Hpse2,1
Hsd11b2,1
Hspa1l,1
Htra2,1
Hypm,1
Icam4,1
Icam5,1
Ifi204,1
Ifna15,1
Ifrd1,1
Igfbp6,1
Ihh,1
Il4ra,1
Ino80,1
Ino80b,1
Ino80e,1
Invs,1
Irf3,1
Irf8,1
Itfg2,1
Itga3,1
Itga5,1
Itgb2,1
Itgb4,1
Itih2,1
Itih3,1
Itpka,1
Itpkb,1
Jmjd1c,1
Jph2,1
Jsrp1,1
Kat2a,1
Kcnc2,1
Kcnd3,1
Kcnh3,1
Kcnh5,1
Kcnip2,1
Kcnk6,1
Kcnk7,1
Kcnq3,1
Kcnt1,1
Kcnt2,1
Kdm6b,1
Kif2a,1
Kifc3,1
Klc2,1
Klf1,1
Klf9,1
Klk1b11,1
Klk1b5,1
Klk1b8,1
Klra18,1
Klra7,1
Klra8,1
Klre1,1
Klrg1,1
Klrg2,1
Kmt2d,1
Krt15,1
Krt18,1
Krt20,1
Krt80,1
Krtap19-1,1
L3hypdh,1
Lama1,1
Lama4,1
Lap3,1
Lat,1
Lats1,1
Lca5,1
Lclat1,1
Lctl,1
Ldhc,1
Leng8,1
Lepre1,1
Lfng,1
Lgals2,1
Lifr,1
Lipi,1
Lmf2,1
Lpar1,1
Lpin3,1
Lrcol1,1
Lrmp,1
Lrp2,1
Lrp8,1
Lrrc10b,1
Lrrc17,1
Lrrk1,1
Lrrk2,1
Ltbp3,1
Lurap1l,1
Ly6c1,1
Lyrm2,1
Lzts3,1
Macc1,1
Mad2l2,1
Magea3,1
Mageh1,1
Magt1,1
Mamdc4,1
Map2k7,1
Map7d1,1
Mark2,1
Marveld3,1
Masp2,1
Mast2,1
Mbp,1
Mcat,1
Mdh1,1
Mdn1,1
Med12l,1
Med24,1
Meox1,1
Mep1a,1
Mep1b,1
Mettl10,1
Mfap3l,1
Mfsd10,1
Mfsd7c,1
Mgat5b,1
Mia,1
Mical1,1
Mid1,1
Midn,1
Mink1,1
Minos1,1
Mki67,1
Mkrn2os,1
Mllt1,1
Mllt3,1
Mmab,1
Mmp8,1
Mog,1
Mogat2,1
Mon1b,1
Mospd3,1
Msantd1,1
Mta1,1
Mtfp1,1
Mtl5,1
Mtmr3,1
Mtus1,1
Muc1,1
Muc13,1
Mustn1,1
Mybl2,1
Myl9,1
Myom1,1
Myoz1,1
Nars2,1
Ncam2,1
Ncan,1
Ncaph2,1
Ncdn,1
Ndor1,1
Ndrg1,1
Ndst4,1
Nek11,1
Nf1,1
Nfatc2,1
Nfe2l1,1
Nfkbil1,1
Ngly1,1
Nicn1,1
Nkapl,1
Nkx2-5,1
Nkx6-2,1
Nlgn1,1
Nmnat2,1
Nnmt,1
Nod2,1
Nol6,1
Nos1,1
Notum,1
Noxa1,1
Npas3,1
Npepl1,1
Npffr1,1
Nprl3,1
Nrd1,1
Nrg3,1
Nrgn,1
Nrn1l,1
Nsa2,1
Nsd1,1
Nsun5,1
Nsun6,1
Ntmt1,1
Ntrk2,1
Nuggc,1
Nup214,1
Nxf7,1
Oas1c,1
Oit3,1
Olah,1
Olfr1006,1
Olfr1036,1
Olfr1043,1
Olfr1058,1
Olfr1061,1
Olfr1080,1
Olfr1132,1
Olfr1273-ps,1
Olfr128,1
Olfr1283,1
Olfr1298,1
Olfr1310,1
Olfr1324,1
Olfr1390,1
Olfr1454,1
Olfr1471,1
Olfr160,1
Olfr165,1
Olfr203,1
Olfr26,1
Olfr272,1
Olfr281,1
Olfr389,1
Olfr460,1
Olfr47,1
Olfr488,1
Olfr495,1
Olfr536,1
Olfr559,1
Olfr610,1
Olfr618,1
Olfr64,1
Olfr671,1
Olfr711,1
Olfr723,1
Olfr731,1
Olfr837,1
Olfr845,1
Olfr894,1
Olfr9,1
Olfr91,1
Olfr910,1
Olfr993,1
Oosp1,1
Oosp3,1
P2ry4,1
Pacsin3,1
Parg,1
Park2,1
Pars2,1
Pcbd1,1
Pcdh8,1
Pcdh9,1
Pcif1,1
Pcnxl2,1
Pcsk4,1
Pcsk9,1
Pde4b,1
Pde4dip,1
Pde6c,1
Pdgfrb,1
Pdk2,1
Pdzd4,1
Pdzk1,1
Pecam1,1
Peo1,1
Pex2,1
Pex5,1
Pfkp,1
Pfn2,1
Pgap2,1
Pgk1,1
Pgpep1l,1
Pgs1,1
Phf14,1
Phf21a,1
Phlda2,1
Phox2b,1
Phrf1,1
Piezo1,1
Pigo,1
Pik3c2g,1
Pim1,1
Pin1,1
Pip4k2b,1
Pkd1l2,1
Pkhd1l1,1
Pkn2,1
Pla1a,1
Pla2g2f,1
Plcd3,1
Pld6,1
Plek,1
Plekhm3,1
Plod2,1
Plxna4,1
Pmch,1
Pmm2,1
Pnp,1
Podxl,1
Polr1a,1
Polr2a,1
Polr2c,1
Polr3h,1
Popdc2,1
Pot1a,1
Pou2f1,1
Ppfia1,1
Ppil2,1
Ppp1r10,1
Ppp1r12c,1
Ppp1r16b,1
Ppp1r9b,1
Ppp2r1a,1
Ppp6r1,1
Prb1,1
Prdx6,1
Prepl,1
Prkce,1
Prodh2,1
Prokr1,1
Prr15,1
Prr22,1
Prr5l,1
Prrc2a,1
Prrg3,1
Prss38,1
Psg19,1
Psmg4,1
Ptger2,1
Ptgs2,1
Ptov1,1
Ptplb,1
Ptpn14,1
Ptpn2,1
Ptprcap,1
Ptprd,1
Ptprn,1
Pus10,1
Pxn,1
R3hdm4,1
Rab11fip3,1
Rab26,1
Rab27b,1
Rab39b,1
Rab4b,1
Rabep1,1
Rabggta,1
Rad51b,1
Rad54l2,1
Rasal1,1
Rasef,1
Rasgrp2,1
Rb1,1
Rbfox2,1
Rbms3,1
Rbp2,1
Rbp4,1
Rbpj,1
Rbpms,1
Rcan2,1
Rdh7,1
Reep2,1
Reep6,1
Rere,1
Rexo1,1
Rexo2,1
Rhag,1
Rhbdl1,1
Rhox4b,1
Rhpn1,1
Riok2,1
Rmi1,1
Rnf111,1
Rnf123,1
Rnf212,1
Rock2,1
Ros1,1
Rp1l1,1
Rpap2,1
Rpl17,1
Rpl18a,1
Rpl27a,1
Rptor,1
Rpusd1,1
Rrp1,1
Rrp1b,1
Rs1,1
Rxfp2,1
Rxra,1
Ryr1,1
Sacs,1
Sap30l,1
Sars2,1
Scaf1,1
Scamp3,1
Scrib,1
Sct,1
Sdcbp2,1
Sec61a1,1
Sema3b,1
Sema6b,1
Sema6d,1
Serpina1b,1
Serpina3f,1
Serpina7,1
Serpinb13,1
Serpinb3d,1
Serpinb9d,1
Serpinf2,1
Sesn2,1
Setd1a,1
Setd3,1
Setd5,1
Sfmbt2,1
Sfn,1
Sfswap,1
Sh2d1a,1
Sh3glb1,1
Sh3glb2,1
Sh3rf1,1
Shroom2,1
Sirt6,1
Slbp,1
Slc12a4,1
Slc13a4,1
Slc14a2,1
Slc15a3,1
Slc16a13,1
Slc17a4,1
Slc17a8,1
Slc17a9,1
Slc1a6,1
Slc1a7,1
Slc20a1,1
Slc22a17,1
Slc22a4,1
Slc23a3,1
Slc24a2,1
Slc25a22,1
Slc25a23,1
Slc25a25,1
Slc25a29,1
Slc25a33,1
Slc28a3,1
Slc29a2,1
Slc2a13,1
Slc39a13,1
Slc44a3,1
Slc5a8,1
Slc6a14,1
Slc6a2,1
Slc7a9,1
Slc8a1,1
Slco3a1,1
Slit1,1
Sltm,1
Smco2,1
Smg1,1
Smg5,1
Smtnl2,1
Snapin,1
Snhg10,1
Snrpa1,1
Snx33,1
Soat2,1
Sowahb,1
Sox13,1
Sp6,1
Spag16,1
Spi1,1
Spib,1
Spice1,1
Spink3,1
Spink6,1
Spink8,1
Spock2,1
Spon2,1
Spp2,1
Sppl2c,1
Spred3,1
Sprn,1
Spry1,1
Spry4,1
Spsb3,1
Sptb,1
Srgap3,1
Ssbp2,1
Ssbp4,1
Ssr4,1
Ssxb8,1
Stap2,1
Stat3,1
Stat5a,1
Ston2,1
Stra13,1
Stra8,1
Strada,1
Stx16,1
Stx19,1
Stx3,1
Styxl1,1
Sumf1,1
Sva,1
Svep1,1
Synb,1
Synm,1
Sytl2,1
Taar7e,1
Tacc1,1
Tada3,1
Taf9,1
Tas2r116,1
Tas2r125,1
Tbc1d22b,1
Tbc1d25,1
Tbcc,1
Tbkbp1,1
Tbx21,1
Tbx4,1
Tcerg1,1
Tcf21,1
Tcf7l2,1
Tcp11,1
Tctn3,1
Tdh,1
Telo2,1
Tet2,1
Tfap2a,1
Tfcp2l1,1
Tfpt,1
Theg,1
Thy1,1
Tigd3,1
Timm8a2,1
Timp1,1
Timp3,1
Tktl2,1
Tm4sf5,1
Tm6sf1,1
Tm7sf2,1
Tm9sf3,1
Tmbim1,1
Tmc6,1
Tmco4,1
Tmem116,1
Tmem125,1
Tmem132e,1
Tmem151b,1
Tmem170b,1
Tmem196,1
Tmem200a,1
Tmem223,1
Tmem253,1
Tmem259,1
Tmem63c,1
Tmem98,1
Tmod4,1
Tmsb15a,1
Tmub1,1
Tnfrsf9,1
Tnnt3,1
Tnp1,1
Tnpo2,1
Tnrc6a,1
Tom1,1
Tomm20,1
Top3b,1
Tor2a,1
Tprkb,1
Tpt1,1
Traf3,1
Traf3ip3,1
Traip,1
Trerf1,1
Tro,1
Trp53,1
Trpm1,1
Trpm5,1
Trpm6,1
Trpm8,1
Trpt1,1
Tsc22d4,1
Tsks,1
Tspan13,1
Tspan6,1
Ttbk1,1
Ttc39c,1
Ttll13,1
Tusc5,1
Txndc2,1
Tyms,1
Tysnd1,1
Ubald1,1
Ubald2,1
Ubap2l,1
Ube2b,1
Ube2i,1
Ube2j1,1
Ube2s,1
Uck1,1
Upf1,1
Upk3b,1
Urb1,1
Uroc1,1
Usf1,1
Usp19,1
Usp26,1
Usp42,1
Usp48,1
Ust,1
Vars2,1
Vash1,1
Vasn,1
Vgll3,1
Vil1,1
Vmn1r178,1
Vmn1r230,1
Vmn1r27,1
Vmn1r30,1
Vmn1r41,1
Vmn1r73,1
Vmn2r81,1
Vps72,1
Vwa1,1
Wbp2nl,1
Wdr33,1
Wdr62,1
Wdr82,1
Wfdc10,1
Wfikkn2,1
Wnt10a,1
Wnt10b,1
Wnt3,1
Wrap53,1
Xcl1,1
Xkr7,1
Xpc,1
Yif1b,1
Yipf7,1
Zak,1
Zbtb17,1
Zbtb32,1
Zbtb43,1
Zc2hc1c,1
Zc3h8,1
Zfp106,1
Zfp280c,1
Zfp366,1
Zfp385a,1
Zfp398,1
Zfp429,1
Zfp445,1
Zfp513,1
Zfp707,1
Zfp735,1
Zfp777,1
Zfp92,1
Zfp930,1
Zfp940,1
Zfy1,1
Zkscan1,1
Zp3,1
Zscan10,1
Zscan20,1
Zzef1,1
42619,2
42620,2
0610011F06Rik,2
1110006O24Rik,2
1110008L16Rik,2
1110012L19Rik,2
1110037F02Rik,2
1110057K04Rik,2
1110059E24Rik,2
1190007I07Rik,2
1200014J11Rik,2
1700007E05Rik,2
1700028K03Rik,2
1700048O20Rik,2
1700123O20Rik,2
1810009A15Rik,2
1810026B05Rik,2
1810044D09Rik,2
2010005H15Rik,2
2300009A05Rik,2
2310003H01Rik,2
2310022A10Rik,2
2310022B05Rik,2
2310033P09Rik,2
2310057N15Rik,2
2410004B18Rik,2
2410016O06Rik,2
2610301B20Rik,2
2610305D13Rik,2
2700049A03Rik,2
2700081O15Rik,2
2810002D19Rik,2
2810006K23Rik,2
2900097C17Rik,2
3110002H16Rik,2
3300005D01Rik,2
4930415F15Rik,2
4930453N24Rik,2
4930503E24Rik,2
4933427G23Rik,2
5830415F09Rik,2
5830432E09Rik,2
6030458C11Rik,2
6430548M08Rik,2
9130011E15Rik,2
9130401M01Rik,2
9430002A10Rik,2
9630033F20Rik,2
A630072M18Rik,2
A730063M14Rik,2
A830080D01Rik,2
A930005H10Rik,2
Aacs,2
Abcb10,2
Abcb7,2
Abcd3,2
Abcf2,2
Abhd2,2
Abhd6,2
Abracl,2
Acap1,2
Acap3,2
Acbd6,2
Acot10,2
Acot11,2
Acot7,2
Acot8,2
Acox1,2
Acsf3,2
Acsl4,2
Acss2,2
Actn1,2
Acy1,2
Ada,2
Adal,2
Adam39,2
Adap1,2
Adat1,2
Adat2,2
Add3,2
Adh5,2
Adi1,2
Adprhl1,2
Adra2b,2
Adrbk1,2
Adrm1,2
Aen,2
Afg3l1,2
Afg3l2,2
Agfg2,2
Ahctf1,2
Ahcy,2
AI504432,2
Aifm1,2
Aim1l,2
Aimp2,2
Aip,2
Ak2,2
Akap10,2
Akap13,2
Akip1,2
Akr1e1,2
Akt3,2
Aldh18a1,2
Aldh4a1,2
Alg13,2
Alkbh1,2
Alkbh2,2
Alkbh7,2
Alkbh8,2
Alox15,2
Amd1,2
Amtn,2
Anapc5,2
Anapc7,2
Ankrd37,2
Ankrd54,2
Anks1b,2
Anp32a,2
Anxa4,2
Anxa9,2
Ap1ar,2
Ap1s3,2
Ap2b1,2
Ap3m1,2
Ap4s1,2
Apeh,2
Apex1,2
Aph1a,2
Api5,2
Apip,2
Aplf,2
Apon,2
Apopt1,2
Aqr,2
Araf,2
Arf6,2
Arhgap1,2
Arhgap9,2
Arhgef6,2
Arid5a,2
Arl16,2
Arl6ip4,2
Arl6ip5,2
Arl8a,2
Armc6,2
Asb1,2
Asb4,2
Asun,2
Asxl1,2
Atad3a,2
Atf6,2
Atg101,2
Atic,2
Atm,2
Atp10a,2
Atp11b,2
Atp2a3,2
Atp4a,2
Atp5a1,2
Atp5e,2
Atp5k,2
Atp5l,2
Atp8b5,2
Atxn7l1,2
Aven,2
B020018G12Rik,2
B230217C12Rik,2
B3galnt2,2
B3gnt7,2
B630005N14Rik,2
B9d2,2
Babam1,2
Bag2,2
Bag4,2
Bard1,2
BC004004,2
BC005624,2
BC023829,2
BC030336,2
Bccip,2
Bckdk,2
Bcl2l2,2
Bcl3,2
Bcl6,2
Bcl7b,2
Bcr,2
Bcs1l,2
Best1,2
Bex6,2
Bloc1s5,2
Bmyc,2
Bop1,2
Bpnt1,2
Brcc3,2
Brf2,2
Brms1,2
Brwd3,2
Bst1,2
Btaf1,2
Btla,2
Btnl2,2
Bzw2,2
C1galt1c1,2
C230052I12Rik,2
C78339,2
Caap1,2
Cab39l,2
Cacna1f,2
Cad,2
Calcoco2,2
Cand1,2
Capg,2
Card11,2
Card14,2
Carm1,2
Cars2,2
Casc4,2
Casp2,2
Casz1,2
Cat,2
Cbx1,2
Cbx3,2
Ccdc101,2
Ccdc102a,2
Ccdc173,2
Ccdc43,2
Ccdc58,2
Ccdc61,2
Ccdc85b,2
Ccdc88a,2
Ccna2,2
Ccnc,2
Ccrn4l,2
Cct4,2
Cct5,2
Cct7,2
Ccz1,2
Cd2ap,2
Cd2bp2,2
Cd300lg,2
Cd320,2
Cd3eap,2
Cd44,2
Cd52,2
Cdan1,2
Cdc123,2
Cdc34,2
Cdc37l1,2
Cdc40,2
Cdc42ep2,2
Cdc42se2,2
Cdc5l,2
Cdc73,2
Cdca4,2
Cdca7,2
Cdk2ap1,2
Cdkn2aipnl,2
Cdr2,2
Cecr5,2
Celf2,2
Cenpj,2
Cenpm,2
Cep97,2
Ces4a,2
Cfap20,2
Chchd4,2
Chfr,2
Chid1,2
Chmp4b,2
Chst12,2
Chtop,2
Ciapin1,2
Cib1,2
Cinp,2
Cisd1,2
Cks1b,2
Clasp1,2
Cldn12,2
Cldn15,2
Cldn17,2
Clec2d,2
Clec4g,2
Clp1,2
Clpp,2
Clta,2
Clu,2
Cluh,2
Cmc2,2
Cmss1,2
Cnksr2,2
Cnn2,2
Cnot1,2
Cnot11,2
Cog8,2
Coil,2
Commd2,2
Copg2,2
Cops4,2
Cops7b,2
Coq3,2
Coq5,2
Coq6,2
Corin,2
Coro1a,2
Coro2a,2
Cox10,2
Cox17,2
Cox18,2
Cox20,2
Cox4i2,2
Cox7a2,2
Cox7b,2
Cpne1,2
Cpox,2
Cpsf3l,2
Cpt2,2
Cptp,2
Crebzf,2
Crk,2
Crybg3,2
Cryzl1,2
Csnk1g2,2
Csnk2a2,2
Cstf1,2
Cstf3,2
Ctdp1,2
Ctdspl2,2
Ctu2,2
Cutc,2
Cwc15,2
Cwc25,2
Cwf19l1,2
Cyb5b,2
Cycs,2
Cyfip2,2
Cypt1,2
Cytip,2
D030056L22Rik,2
D10Jhu81e,2
D16Ertd472e,2
D17Wsu92e,2
D19Bwg1357e,2
D330045A20Rik,2
D630004N19Rik,2
D830046C22Rik,2
Dancr,2
Dap3,2
Dars2,2
Dazap1,2
Dbr1,2
Dcaf12,2
Dcaf13,2
Dclre1b,2
Dcp1a,2
Dct,2
Dcun1d1,2
Dcun1d5,2
Dda1,2
Ddt,2
Ddx18,2
Ddx19a,2
Ddx19b,2
Ddx21,2
Ddx24,2
Ddx27,2
Ddx39,2
Ddx49,2
Ddx50,2
Ddx51,2
Decr1,2
Dennd3,2
Dgat2,2
Dgkg,2
Dhcr24,2
Dhdds,2
Dhodh,2
Dhx15,2
Dhx16,2
Dhx37,2
Dhx38,2
Diap1,2
Dld,2
Dmkn,2
Dmpk,2
Dmwd,2
Dnaaf2,2
Dnaja2,2
Dnaja3,2
Dnajc10,2
Dnajc17,2
Dnal1,2
Dnlz,2
Dnmt3b,2
Dpcd,2
Dph2,2
Dph3,2
Dpm1,2
Drap1,2
Drg1,2
Dscr3,2
Dtd1,2
Dtx2,2
Dus1l,2
Dus4l,2
Dusp19,2
Dusp7,2
Dut,2
Dxo,2
Dym,2
Dynll1,2
Dyrk1a,2
E130012A19Rik,2
E130308A19Rik,2
E130309D02Rik,2
E230008N13Rik,2
E2f3,2
E2f4,2
Eapp,2
Ears2,2
Ebna1bp2,2
Ecsit,2
Edf1,2
Eed,2
Eef1d,2
Eefsec,2
Efhd1,2
Eftud1,2
Egfem1,2
Eid1,2
Eif1ad,2
Eif2b3,2
Eif2d,2
Eif2s2,2
Eif3a,2
Eif3b,2
Eif3c,2
Eif3d,2
Eif3g,2
Eif3j1,2
Eif4e2,2
Eif4g2,2
Eif4h,2
Eif6,2
Elac2,2
Elane,2
Elf2,2
Elovl1,2
Elovl5,2
Elp2,2
Elp3,2
Elp5,2
Emc4,2
Emc8,2
Emd,2
Eme2,2
Emg1,2
Emid1,2
Eml4,2
Enoph1,2
Entpd6,2
Epb4.1l4b,2
Epg5,2
Ephb4,2
Epm2aip1,2
Ercc1,2
Ercc3,2
Ercc4,2
Erlin1,2
Erlin2,2
Erp29,2
Erp44,2
Esd,2
Etaa1,2
Exosc1,2
Exosc2,2
Exosc3,2
Exosc4,2
Exosc5,2
Exosc6,2
Exosc7,2
Exosc8,2
F10,2
F2rl3,2
Fadd,2
Fads2,2
Faf1,2
Fam101b,2
Fam111a,2
Fam117a,2
Fam122b,2
Fam133b,2
Fam177a,2
Fam195a,2
Fam206a,2
Fam207a,2
Fam229b,2
Fam53c,2
Fam78a,2
Fam98a,2
Fastkd1,2
Fastkd3,2
Fastkd5,2
Fbxo3,2
Fbxo31,2
Fbxo36,2
Fbxw2,2
Fbxw7,2
Fcf1,2
Fdps,2
Fdxacb1,2
Fdxr,2
Fert2,2
Fgf22,2
Fh1,2
Fhl2,2
Fig4,2
Fkbp11,2
Fkbp1b,2
Fkbp2,2
Fkbp4,2
Flad1,2
Flt1,2
Flt4,2
Focad,2
Foxk1,2
Foxk2,2
Foxp1,2
Foxp4,2
Foxred1,2
Fpgs,2
Fpr-rs6,2
Frat2,2
Frg1,2
Frmd7,2
Frmd8,2
Ftsj1,2
Fubp1,2
Fxn,2
Fxyd2,2
Fzd1,2
Fzr1,2
G3bp1,2
Gabrb3,2
Gadd45gip1,2
Galnt3,2
Gapt,2
Gar1,2
Gars,2
Gart,2
Gata3,2
Gatb,2
Gcat,2
Gclm,2
Gemin2,2
Gemin4,2
Gemin5,2
Get4,2
Gfod2,2
Ggct,2
Ggcx,2
Gins3,2
Gipc1,2
Gkap1,2
Glipr1,2
Glrx3,2
Gltscr2,2
Glyctk,2
Gm12758,2
Gm128,2
Gm13157,2
Gm14439,2
Gm16378,2
Gm19346,2
Gm2027,2
Gm4884,2
Gm5069,2
Gm5144,2
Gm5416,2
Gm5801,2
Gm6042,2
Gmds,2
Gmnn,2
Gmppb,2
Gnb1l,2
Gnb2l1,2
Gnb4,2
Gne,2
Gng5,2
Gnl1,2
Gnl2,2
Gnl3l,2
Gopc,2
Gorasp2,2
Got2,2
Gpatch11,2
Gpd2,2
Gphn,2
Gpi1,2
Gpn1,2
Gpn2,2
Gpr114,2
Gpr124,2
Gpr125,2
Gpr171,2
Gpr20,2
Gpr89,2
Gpr97,2
Gprasp1,2
Gramd4,2
Grhpr,2
Gria3,2
Grik4,2
Grpel1,2
Grwd1,2
Gsk3b,2
Gspt1,2
Gsr,2
Gstcd,2
Gstp1,2
Gtf2b,2
Gtf2e2,2
Gtf2h3,2
Gtf3a,2
Gtf3c4,2
Gtf3c6,2
Gtpbp4,2
Guk1,2
Gyk,2
Gzf1,2
Gzmm,2
H2afy,2
Hadhb,2
Haus3,2
Haus7,2
Hax1,2
Hba-x,2
Hbb-bh1,2
Hbb-y,2
Hbs1l,2
Hcfc1,2
Hdhd3,2
Heatr1,2
Helz2,2
Hes6,2
Hhat,2
Hist1h3h,2
Hlcs,2
Hmbs,2
Hmgb1,2
Hmmr,2
Hnrnpa0,2
Hnrnpd,2
Hnrnpk,2
Hnrnpu,2
Hnrnpul1,2
Hnrnpul2,2
Hoxa5,2
Hp,2
Hpcal1,2
Hr,2
Hscb,2
Hsd11b1,2
Hsd17b11,2
Hsd17b7,2
Hspa4,2
Hspa4l,2
Hspbap1,2
Hus1,2
Huwe1,2
Hyal5,2
Hyou1,2
Iars,2
Iba57,2
Ica1l,2
Icmt,2
Ict1,2
Ide,2
Idh3a,2
Idi1,2
Ifitm5,2
Ifitm6,2
Ifnab,2
Ifrd2,2
Ift20,2
Igf2bp1,2
Igf2bp2,2
Ikbip,2
Ikbkap,2
Ikbke,2
Il18rap,2
Immp1l,2
Imp3,2
Impa1,2
Inf2,2
Ing2,2
Ing4,2
Ing5,2
Ino80c,2
Inpp5b,2
Ints10,2
Ints3,2
Ints4,2
Ints5,2
Ints8,2
Intu,2
Ipmk,2
Ipp,2
Ippk,2
Iqcf5,2
Isca2,2
Isg20l2,2
Isoc2a,2
Isy1,2
Isyna1,2
Itga2b,2
Itpr1,2
Ivl,2
Jmjd6,2
Josd1,2
Kbtbd8,2
Kctd20,2
Kctd3,2
Kdelr1,2
Kdm8,2
Kel,2
Klf16,2
Klhdc2,2
Klhdc3,2
Klhdc4,2
Klhl21,2
Klhl42,2
Klrb1f,2
Kmo,2
Kpna3,2
Kpnb1,2
Kptn,2
Kti12,2
Kynu,2
L3mbtl2,2
Larp1,2
Larp1b,2
Larp7,2
Lars,2
Las1l,2
Lbh,2
Lbr,2
Lcmt1,2
Lcp2,2
Ldha,2
Lias,2
Lig3,2
Lilrb4,2
Limd2,2
Limk1,2
Limk2,2
Lin28a,2
Lin28b,2
Lin7c,2
Llgl2,2
Llph,2
Lmnb1,2
Lmo4,2
Lmtk2,2
Lnpep,2
Lnx2,2
Loh12cr1,2
Lpcat4,2
Lpp,2
Lppr3,2
Lrrc1,2
Lrrc14,2
Lrrc28,2
Lrrc34,2
Lrrc40,2
Lrrc41,2
Lrrc59,2
Lrrc8c,2
Lrtm1,2
Lrwd1,2
Lsg1,2
Lsm1,2
Lsm12,2
Lsm14b,2
Lsm2,2
Lsm6,2
Lsp1,2
Lss,2
Ltb4r1,2
Ltn1,2
Luc7l,2
Luc7l2,2
Lyar,2
Lypla1,2
Lypla2,2
Lysmd2,2
Mab21l2,2
Mad1l1,2
Mad2l1bp,2
Mafa,2
Mafk,2
Magi3,2
Magoh,2
Magohb,2
Mak16,2
Map2k1,2
Map2k3,2
Map3k4,2
Mapk13,2
Mapkapk3,2
Mapre1,2
Mars,2
Mars2,2
Mat2b,2
Mb21d1,2
Mc5r,2
Mccc1,2
Mcemp1,2
Mcm3ap,2
Mcmbp,2
Mcph1,2
Mcrs1,2
Mctp1,2
Mdm1,2
Me1,2
Me2,2
Med11,2
Med14,2
Med18,2
Med19,2
Med21,2
Med25,2
Med26,2
Med27,2
Med31,2
Med6,2
Med8,2
Meis1,2
Memo1,2
Men1,2
Mettl1,2
Mettl13,2
Mettl14,2
Mettl2,2
Mettl24,2
Mettl4,2
Mfn1,2
Mgarp,2
Mgst2,2
Micall2,2
Mier1,2
Mipep,2
Mis18a,2
Mkln1,2
Mkrn2,2
Mlec,2
Mlst8,2
Mlx,2
Mnd1,2
Mndal,2
Mocs1,2
Morn5,2
Mpl,2
Mpo,2
Mpp6,2
Mpp7,2
Mpst,2
Mrgpra2b,2
Mrpl1,2
Mrpl10,2
Mrpl13,2
Mrpl15,2
Mrpl18,2
Mrpl2,2
Mrpl20,2
Mrpl37,2
Mrpl38,2
Mrpl39,2
Mrpl46,2
Mrpl47,2
Mrpl49,2
Mrpl51,2
Mrpl55,2
Mrpl57,2
Mrps10,2
Mrps11,2
Mrps17,2
Mrps18b,2
Mrps18c,2
Mrps22,2
Mrps26,2
Mrps30,2
Mrps31,2
Mrps34,2
Mrps6,2
Mrps7,2
Mrps9,2
Mrto4,2
Ms4a3,2
Msh2,2
Msmo1,2
Msrb1,2
Mtap,2
Mtap7d3,2
Mterf4,2
Mtg1,2
Mthfd2,2
Mtmr1,2
Mtmr14,2
Mtpap,2
Mtrf1,2
Mum1,2
Mum1l1,2
Mutyh,2
Mybbp1a,2
Mycbp,2
Myd88,2
Myg1,2
Myl12a,2
Mylpf,2
Myo1g,2
N6amt2,2
Naa10,2
Naa25,2
Naa50,2
Nacc1,2
Nae1,2
Nampt,2
Napsa,2
Nat10,2
Nbn,2
Ncapg,2
Ncbp2,2
Nccrp1,2
Ncoa3,2
Ncoa5,2
Ncoa6,2
Ndufa5,2
Ndufaf1,2
Ndufaf5,2
Ndufb2,2
Ndufb4,2
Ndufb5,2
Ndufb9,2
Ndufc2,2
Ndufv1,2
Nelfa,2
Nelfcd,2
Nfatc3,2
Nfe2,2
Nfs1,2
Nfyb,2
Nfyc,2
Ngdn,2
Nhp2l1,2
Nifk,2
Nin,2
Nipsnap1,2
Nit2,2
Nkrf,2
Nle1,2
Nln,2
Nme7,2
Nmnat3,2
Noa1,2
Nob1,2
Noc3l,2
Noc4l,2
Nol7,2
Nol8,2
Nomo1,2
Nono,2
Nop14,2
Nop2,2
Nop56,2
Noxred1,2
Nr2c2ap,2
Nr6a1,2
Nrf1,2
Nrg1,2
Nrg4,2
Nsmce2,2
Nsun2,2
Nt5c,2
Nt5c3,2
Nt5dc2,2
Nt5m,2
Nthl1,2
Nubp1,2
Nubp2,2
Nucks1,2
Nudc,2
Nudcd1,2
Nudcd2,2
Nudt19,2
Nudt3,2
Nudt8,2
Nufip2,2
Nup88,2
Nupl2,2
Nvl,2
Olfr1225,2
Olfr1475,2
Olfr449,2
Olfr519,2
Olfr549,2
Olfr730,2
Olfr733,2
Olfr775,2
Orc1,2
Orc4,2
Osr2,2
Otog,2
Otud6b,2
Oxnad1,2
P2rx1,2
Pabpc4,2
Pabpn1,2
Pacrgl,2
Pafah1b1,2
Pafah1b2,2
Paics,2
Pak1ip1,2
Pak4,2
Pam,2
Panx1,2
Papola,2
Pard6a,2
Parl,2
Parp2,2
Parp4,2
Pask,2
Pawr,2
Pbrm1,2
Pccb,2
Pced1b,2
Pcna,2
Pcnp,2
Pcyox1l,2
Pdcd11,2
Pdcd2,2
Pdf,2
Pdlim1,2
Pdss1,2
Pelp1,2
Pemt,2
Pex16,2
Pex6,2
Pfas,2
Pfdn1,2
Pfdn2,2
Pfdn4,2
Pfkl,2
Pgam1,2
Pgp,2
Phax,2
Phf10,2
Phf12,2
Phf23,2
Phf5a,2
Phf8,2
Phgdh,2
Phykpl,2
Pi16,2
Pigl,2
Pigt,2
Pigw,2
Pilra,2
Pilrb1,2
Pin1rt1,2
Pitpna,2
Pitpnb,2
Pkig,2
Pkmyt1,2
Pkn3,2
Pkp2,2
Plac8,2
Plekhh1,2
Plrg1,2
Pmm1,2
Pmpcb,2
Pms1,2
Pms2,2
Pnkp,2
Pnpt1,2
Pold3,2
Poldip3,2
Pole4,2
Polr1b,2
Polr1d,2
Polr1e,2
Polr2h,2
Polr2j,2
Polr2m,2
Polr3b,2
Polr3c,2
Polr3g,2
Pom121,2
Pop1,2
Ppa2,2
Ppan,2
Ppat,2
Ppid,2
Ppie,2
Ppif,2
Ppih,2
Ppil3,2
Ppm1m,2
Ppp1cc,2
Ppp1r14b,2
Ppp1r15b,2
Ppp1r42,2
Ppp1r8,2
Ppp2r3c,2
Ppp2r5a,2
Ppp2r5d,2
Ppp2r5e,2
Ppp4r1,2
Ppp6c,2
Ppp6r3,2
Pqbp1,2
Pqlc3,2
Pradc1,2
Pram1,2
Prdx1,2
Prelid2,2
Prkag1,2
Prkar2a,2
Prkrip1,2
Prkx,2
Prmt1,2
Prmt5,2
Prodh,2
Prpf19,2
Prpf3,2
Prpf38a,2
Prpf38b,2
Prpf6,2
Prps1,2
Prr12,2
Prr3,2
Prr5,2
Prrc2c,2
Prtn3,2
Prune,2
Psg18,2
Psma2,2
Psmb10,2
Psmc6,2
Psmd1,2
Psmd11,2
Psmd13,2
Psmd14,2
Psmd4,2
Psmd6,2
Psmd7,2
Psmd9,2
Psmf1,2
Psmg2,2
Psmg3,2
Pstk,2
Ptar1,2
Ptbp1,2
Ptbp3,2
Ptcd2,2
Ptger3,2
Ptges3,2
Ptpla,2
Ptpn12,2
Ptpn7,2
Ptprc,2
Pus7l,2
Pusl1,2
Pvrl3,2
Pwp1,2
Pwp2,2
Pycard,2
Pycr2,2
Qtrt1,2
Rab27a,2
Rab28,2
Rab34,2
Rad1,2
Rad23b,2
Rad51,2
Rae1,2
Ralgapa1,2
Ralgps2,2
Raly,2
Ranbp2,2
Rars2,2
Rassf4,2
Rbbp4,2
Rbbp6,2
Rbbp7,2
Rbm10,2
Rbm14,2
Rbm15,2
Rbm19,2
Rbm28,2
Rbm38,2
Rbm41,2
Rbm45,2
Rbm8a,2
Rbmxl1,2
Rbx1,2
Rcc2,2
Rchy1,2
Rcl1,2
Rdh12,2
Reps1,2
Rer1,2
Rfc4,2
Rfwd2,2
Rfwd3,2
Rfx7,2
Rgs14,2
Rgs18,2
Rgs19,2
Rgsl1,2
Rhbdd3,2
Rhebl1,2
Rhno1,2
Rhof,2
Rhot2,2
Ribc1,2
Riok1,2
Rnaseh2a,2
Rnf113a1,2
Rnf115,2
Rnf126,2
Rnf168,2
Rnf181,2
Rnf20,2
Rnf219,2
Rnf220,2
Rnf25,2
Rnf8,2
Rnmtl1,2
Rom1,2
Rp9,2
Rpap1,2
Rpap3,2
Rpf1,2
Rpf2,2
Rpia,2
Rpl23,2
Rpl30,2
Rpl31,2
Rpl35,2
Rpl38,2
Rpl3l,2
Rpl6,2
Rpl7a,2
Rplp0,2
Rpp14,2
Rpp21,2
Rpp30,2
Rpp38,2
Rprd1a,2
Rprd1b,2
Rps19,2
Rps6ka2,2
Rpusd3,2
Rpusd4,2
Rraga,2
Rrp12,2
Rrp15,2
Rrp8,2
Rrp9,2
Rrs1,2
Rsl24d1,2
Rsu1,2
Rtel1,2
Rtn4ip1,2
Rwdd2b,2
Rwdd4a,2
S100a10,2
S100a6,2
S100a8,2
S100pbp,2
Saal1,2
Sall4,2
Samhd1,2
Sap30bp,2
Sarnp,2
Sars,2
Sart1,2
Sbds,2
Scaf8,2
Scfd1,2
Scnm1,2
Sco1,2
Sde2,2
Sec11a,2
Sec13,2
Sec22c,2
Sec61b,2
Sec62,2
Seh1l,2
Sel1l2,2
Sell,2
Selm,2
Sema4b,2
Sephs2,2
Serpinb10,2
Serpinb12,2
Serpinb1a,2
Serpinh1,2
Sertad2,2
Setd6,2
Setd7,2
Setd8,2
Setx,2
Sf3a3,2
Sf3b4,2
Sf3b6,2
Sgk3,2
Sh2d3c,2
Sh3tc2,2
Shc1,2
Shcbp1,2
Shmt2,2
Siah1b,2
Siah2,2
Sigirr,2
Siglecg,2
Sipa1l3,2
Skiv2l2,2
Slc19a1,2
Slc20a2,2
Slc22a15,2
Slc22a5,2
Slc25a1,2
Slc25a12,2
Slc25a13,2
Slc25a15,2
Slc25a26,2
Slc25a32,2
Slc25a5,2
Slc2a1,2
Slc2a6,2
Slc30a6,2
Slc35a4,2
Slc35d3,2
Slc39a8,2
Slc3a2,2
Slc43a1,2
Slc44a4,2
Slc4a1ap,2
Slc52a2,2
Slc5a6,2
Slc7a2,2
Slc7a5,2
Slc7a6,2
Slc7a6os,2
Slc9a6,2
Slfn9,2
Slpi,2
Sly,2
Smarcd2,2
Smc3,2
Smek1,2
Smim11,2
Smim13,2
Smim3,2
Smn1,2
Smndc1,2
Smu1,2
Snai3,2
Snhg4,2
Snip1,2
Snrnp200,2
Snrnp25,2
Snrpc,2
Snupn,2
Snx5,2
Snx7,2
Socs4,2
Socs7,2
Sorl1,2
Sox3,2
Sp7,2
Spin4,2
Spn,2
Spr,2
Sprr2b,2
Spryd3,2
Sra1,2
Srbd1,2
Srebf2,2
Srf,2
Srfbp1,2
Srm,2
Srp19,2
Srp9,2
Srpk1,2
Srprb,2
Srrm2,2
Srsf10,2
Srsf2,2
Srsf3,2
Srsf6,2
Ssb,2
Ssbp3,2
Sssca1,2
St7,2
Stag1,2
Stard10,2
Stard5,2
Stat4,2
Stc2,2
Stfa1,2
Stk24,2
Stk35,2
Strbp,2
Stt3b,2
Stx11,2
Suclg1,2
Suds3,2
Sugt1,2
Sumf2,2
Supt4a,2
Supt6,2
Supv3l1,2
Surf1,2
Sv2b,2
Swsap1,2
Syce2,2
Sympk,2
Syncrip,2
Syne3,2
Synrg,2
Taco1,2
Taf11,2
Taf12,2
Taf15,2
Taf5l,2
Taf6,2
Taf6l,2
Taf7,2
Taf9b,2
Tanc1,2
Taok3,2
Tarbp2,2
Tars,2
Tars2,2
Tatdn2,2
Tbc1d1,2
Tbc1d2,2
Tbc1d7,2
Tbl2,2
Tbl3,2
Tbp,2
Tbrg1,2
Tbrg4,2
Tcf20,2
Tcof1,2
Tctn2,2
Terf2,2
Tes,2
Tespa1,2
Tex10,2
Tex40,2
Tfb1m,2
Tfec,2
Tfpi,2
Thap1,2
Thap11,2
Thap4,2
Thg1l,2
Thoc3,2
Thop1,2
Tie1,2
Timd2,2
Timd4,2
Timm9,2
Timmdc1,2
Tirap,2
Tkt,2
Tlcd1,2
Tle6,2
Tmed10,2
Tmed9,2
Tmem11,2
Tmem120a,2
Tmem134,2
Tmem164,2
Tmem180,2
Tmem183a,2
Tmem199,2
Tmem201,2
Tmem203,2
Tmem209,2
Tmem214,2
Tmem216,2
Tmem229b,2
Tmem238,2
Tmem243,2
Tmem248,2
Tmem251,2
Tmem254a,2
Tmem29,2
Tmem40,2
Tmem70,2
Tmem79,2
Tmprss7,2
Tmsb10,2
Tmsb4x,2
Tmtc4,2
Tnfsf14,2
Tomm40,2
Tomm5,2
Tomm6,2
Tomm70a,2
Top1mt,2
Top2b,2
Tor1a,2
Tor3a,2
Tpm2,2
Tpr,2
Traf4,2
Traf7,2
Trappc5,2
Trdmt1,2
Trem1,2
Trem3,2
Trib3,2
Trim33,2
Trim35,2
Trim37,2
Trim45,2
Trim69,2
Trim71,2
Trip12,2
Trip13,2
Trmt10c,2
Trmt2b,2
Trmt44,2
Trmt6,2
Trmt61a,2
Trrap,2
Trub1,2
Tsc1,2
Tsen15,2
Tsen2,2
Tsfm,2
Tspan32,2
Tspan8,2
Tspo,2
Tssc1,2
Tssk6,2
Tstd2,2
Ttc1,2
Ttc27,2
Ttc9c,2
Ttl,2
Ttll1,2
Ttll12,2
Ttll4,2
Ttpal,2
Tuba3a,2
Tuba4a,2
Tubb2b,2
Tubd1,2
Tubg1,2
Tulp3,2
Tut1,2
Twf2,2
Txndc11,2
Txnl4b,2
Txnrd1,2
Tyw1,2
U2af1,2
U2af1l4,2
U2af2,2
Ubac1,2
Ubash3a,2
Ube2c,2
Ube2cbp,2
Ube2e1,2
Ube2f,2
Ube2n,2
Ube2q1,2
Ube2q2,2
Ube2t,2
Ube2z,2
Ubfd1,2
Ubiad1,2
Ubox5,2
Ubqln4,2
Ubr7,2
Ubtd2,2
Ubtf,2
Ubxn1,2
Ubxn11,2
Uck2,2
Uhmk1,2
Uhrf1,2
Uimc1,2
Unc119,2
Urb2,2
Urm1,2
Usb1,2
Usmg5,2
Usp10,2
Usp25,2
Usp39,2
Usp4,2
Uspl1,2
Utp15,2
Utp6,2
Uxt,2
Vapa,2
Vapb,2
Vars,2
Vcl,2
Vmn1r180,2
Vmn2r-ps60,2
Vps13c,2
Vps26b,2
Vps29,2
Vps4b,2
Vps52,2
Vps53,2
Vrk1,2
Vrk2,2
Vti1a,2
Wars,2
Wbp4,2
Wbscr22,2
Wdpcp,2
Wdr12,2
Wdr18,2
Wdr25,2
Wdr43,2
Wdr45b,2
Wdr46,2
Wdr53,2
Wdr55,2
Wdr59,2
Wdr73,2
Wdr74,2
Wdr77,2
Wee1,2
Whsc1,2
Wibg,2
Wiz,2
Wtap,2
Xk,2
Xlr4c,2
Xrcc2,2
Xrcc6,2
Xrn2,2
Ybey,2
Ybx3,2
Ydjc,2
Ylpm1,2
Yrdc,2
Ywhae,2
Zbed4,2
Zbtb21,2
Zbtb40,2
Zbtb8os,2
Zc3h14,2
Zc3hc1,2
Zcchc3,2
Zdhhc12,2
Zdhhc15,2
Zdhhc16,2
Zdhhc3,2
Zeb2,2
Zfp277,2
Zfp282,2
Zfp296,2
Zfp322a,2
Zfp346,2
Zfp414,2
Zfp444,2
Zfp446,2
Zfp511,2
Zfp518b,2
Zfp608,2
Zfp687,2
Zfp709,2
Zfp771,2
Zfp819,2
Zfp932,2
Zmat5,2
Znhit2,2
Znhit3,2
Znrd1,2
Zpr1,2
Zswim7,2
0610007P14Rik,3
0610010F05Rik,3
0610012G03Rik,3
1110001J03Rik,3
1110008F13Rik,3
1110008P14Rik,3
1110038B12Rik,3
1190002F15Rik,3
1600002K03Rik,3
1700021F05Rik,3
1700023L04Rik,3
1700025B11Rik,3
1700025G04Rik,3
1700026L06Rik,3
1700029P11Rik,3
1700037H04Rik,3
1810032O08Rik,3
1810037I17Rik,3
1810055G02Rik,3
2010107E04Rik,3
2310001H17Rik,3
2310009B15Rik,3
2310030G06Rik,3
2310036O22Rik,3
2310039H08Rik,3
2310045N01Rik,3
2410015M20Rik,3
2610002M06Rik,3
2610524H06Rik,3
2700029M09Rik,3
2700060E02Rik,3
2700094K13Rik,3
2810004N23Rik,3
2810417H13Rik,3
2810428I15Rik,3
2900026A02Rik,3
3110082I17Rik,3
4930427A07Rik,3
4930506M07Rik,3
4930579G24Rik,3
4931409K22Rik,3
5031439G07Rik,3
5430435G22Rik,3
9430016H08Rik,3
9430038I01Rik,3
Aaas,3
Abcb8,3
Abcf1,3
Abhd11,3
Abhd17a,3
Acaa2,3
Acaca,3
Acat2,3
Acd,3
Aco2,3
Acp1,3
Acsl3,3
Actg1,3
Actn2,3
Adam19,3
Adamts9,3
Adk,3
Adora2b,3
Adsl,3
Aes,3
Agps,3
Ahnak,3
Ahsa1,3
Aida,3
Aimp1,3
Ak3,3
Ak4,3
Ak8,3
Akr7a5,3
Alad,3
Aldh5a1,3
Aldoa,3
Alg14,3
Alg6,3
Alkbh5,3
Alyref,3
Anapc15,3
Angpt2,3
Angptl4,3
Anln,3
Anp32b,3
Anp32e,3
Anpep,3
Antxr2,3
Anxa11,3
Anxa2,3
Ap1m1,3
Ap1s1,3
Ap3s1,3
Ap5b1,3
Apaf1,3
Apitd1,3
Aplnr,3
Apmap,3
Aprt,3
Arfgef2,3
Arfip2,3
Arhgap15,3
Arhgap21,3
Arhgap23,3
Arhgdib,3
Arhgef39,3
Arid3a,3
Arl2,3
Arl6,3
Arl6ip1,3
Arpc1b,3
Arpc3,3
Arpc5,3
Arpp19,3
Arrdc4,3
Arxes2,3
Ascc2,3
Asf1b,3
Ash2l,3
Asna1,3
Asns,3
Asnsd1,3
Aspm,3
Atad5,3
Atg7,3
Atg9b,3
Atox1,3
Atp5b,3
Atp5c1,3
Atp5d,3
Atp5g1,3
Atp5g2,3
Atp5g3,3
Atp5h,3
Atp5j,3
Atp5j2,3
Atp5o,3
Atp6v0d1,3
Atp6v1a,3
Atp6v1b2,3
Atp6v1e1,3
Atp6v1h,3
Atpaf2,3
Atpif1,3
Atrnl1,3
Atxn10,3
Aurka,3
Aurkaip1,3
Aurkb,3
Avpi1,3
Axin1,3
B3glct,3
B3gnt8,3
B4galnt1,3
B9d1,3
Bad,3
Bag1,3
Baiap2,3
Bak1,3
Banf1,3
Batf,3
BC052040,3
BC055324,3
BC085271,3
Bcar3,3
Bcat2,3
Bcl11a,3
Bcl2l13,3
Bcl7a,3
Bdh1,3
Bdp1,3
Bhlhb9,3
Birc5,3
Blm,3
Blmh,3
Bloc1s1,3
Bmp7,3
Bola2,3
Bola3,3
Bora,3
Braf,3
Brd7,3
Brip1,3
Brix1,3
Btbd1,3
Btf3,3
Bub1b,3
Bzrap1,3
C1qbp,3
C2cd5,3
C330027C09Rik,3
Cacfd1,3
Calm3,3
Camk2d,3
Capn2,3
Caprin1,3
Car13,3
Car9,3
Carhsp1,3
Casc5,3
Caskin2,3
Casp7,3
Cbfb,3
Cbln2,3
Cbx5,3
Ccar1,3
Ccdc120,3
Ccdc124,3
Ccdc127,3
Ccdc167,3
Ccdc18,3
Ccdc23,3
Ccdc28b,3
Ccdc50,3
Ccdc86,3
Ccdc94,3
Ccl28,3
Ccnb1,3
Ccnd2,3
Ccne1,3
Ccne2,3
Ccng1,3
Ccnh,3
Ccnyl1,3
Ccsap,3
Cct3,3
Cct6a,3
Cct8,3
Cd28,3
Cd59a,3
Cd69,3
Cd79b,3
Cd97,3
Cdc20,3
Cdc25a,3
Cdc25b,3
Cdc25c,3
Cdc45,3
Cdc6,3
Cdc7,3
Cdca2,3
Cdca3,3
Cdca5,3
Cdca7l,3
Cdca8,3
Cdk1,3
Cdk16,3
Cdk2,3
Cdk4,3
Cdkn3,3
Cdon,3
Cdpf1,3
Cdr2l,3
Cdt1,3
Cdv3,3
Cela1,3
Celf1,3
Cenpa,3
Cenpb,3
Cenpf,3
Cenph,3
Cenpi,3
Cenpk,3
Cenpl,3
Cenpn,3
Cenpp,3
Cenpq,3
Cenpt,3
Cenpw,3
Cep104,3
Cep128,3
Cep19,3
Cep55,3
Cep57l1,3
Cep78,3
Cep83,3
Cep89,3
Cercam,3
Cers6,3
Cetn3,3
Cfap45,3
Cfb,3
Cfdp1,3
Cfp,3
Chac1,3
Chaf1a,3
Chaf1b,3
Chchd1,3
Chchd6,3
Chd4,3
Chek1,3
Chek2,3
Chtf18,3
Cirh1a,3
Cit,3
Cited2,3
Ckap2l,3
Ckap5,3
Clec10a,3
Clec11a,3
Clhc1,3
Clic4,3
Cln6,3
Clns1a,3
Clspn,3
Clstn3,3
Cltb,3
Cmbl,3
Cmc1,3
Cmpk2,3
Cnn3,3
Cnot6,3
Coa3,3
Coa4,3
Coa5,3
Cobll1,3
Col2a1,3
Commd1,3
Cope,3
Cops2,3
Cops3,3
Cops5,3
Cops6,3
Cops8,3
Copz1,3
Coq7,3
Coro1c,3
Cox14,3
Cox19,3
Cox4i1,3
Cox5a,3
Cox5b,3
Cox6a1,3
Cox6b1,3
Cox6c,3
Cox7a1,3
Cox7c,3
Cox8a,3
Crocc,3
Cs,3
Csde1,3
Csnk1d,3
Csrp1,3
Csrp2,3
Cstb,3
Ctdsp1,3
Ctdsp2,3
Ctdspl,3
Ctnnbl1,3
Ctps,3
Cul4b,3
Cul7,3
Cuta,3
Cwc22,3
Cyc1,3
Cytl1,3
D17Wsu104e,3
D2Wsu81e,3
D8Ertd738e,3
Dab2,3
Dab2ip,3
Dars,3
Dbf4,3
Dbi,3
Dcaf7,3
Dcbld1,3
Dcp2,3
Dcps,3
Dctd,3
Dctn3,3
Dctpp1,3
Ddah1,3
Ddx1,3
Ddx11,3
Ddx41,3
Ddx46,3
Ddx54,3
Def6,3
Dek,3
Depdc1b,3
Dera,3
Dgcr6,3
Dgcr8,3
Dhps,3
Dhrs4,3
Dhrsx,3
Dhx29,3
Diap3,3
Dis3l,3
Dlgap5,3
Dlk1,3
Dlst,3
Dnaic1,3
Dnajc11,3
Dnajc19,3
Dnajc2,3
Dnajc8,3
Dnase1l3,3
Dnmt1,3
Dnph1,3
Dnttip1,3
Dok2,3
Dok4,3
Dpm3,3
Dpp3,3
Dpp7,3
Dpp8,3
Dpp9,3
Dpy30,3
Drosha,3
Drp2,3
Dscc1,3
Dsn1,3
Dtnbp1,3
Dtymk,3
Dusp23,3
Dusp4,3
Dync1i2,3
Dync2h1,3
Dynll2,3
Dynlrb1,3
Dyrk3,3
E2f1,3
E2f6,3
E2f8,3
Ece1,3
Ece2,3
Echs1,3
Eci1,3
Ect2,3
Ednra,3
Ednrb,3
Eef1a1,3
Eef1e1,3
Eef1g,3
Efcab11,3
Eftud2,3
Egfl7,3
Ehd1,3
Eif1a,3
Eif2b1,3
Eif2b5,3
Eif2s3x,3
Eif3h,3
Eif3i,3
Eif3k,3
Eif3l,3
Eif4a1,3
Eif4a3,3
Eif4enif1,3
Eif4g1,3
Eif5a,3
Elmo2,3
Elof1,3
Elovl6,3
Elp6,3
Emb,3
Emc2,3
Emc6,3
Emilin1,3
Emilin2,3
Eml3,3
Emp1,3
Emp3,3
Enho,3
Eno1b,3
Enpp7,3
Entpd7,3
Erh,3
Eri3,3
Esco2,3
Etf1,3
Etfa,3
Etfb,3
Ethe1,3
Ets2,3
Eya3,3
Ezh2,3
Ezr,3
F2r,3
Fabp5,3
Fah,3
Fahd2a,3
Fam107b,3
Fam109b,3
Fam110b,3
Fam132a,3
Fam136a,3
Fam162a,3
Fam198b,3
Fam63a,3
Fam64a,3
Fam65a,3
Fam65b,3
Fam83d,3
Fam86,3
Fam92a,3
Fancd2,3
Fanci,3
Fancm,3
Farsb,3
Fbl,3
Fbll1,3
Fbxo21,3
Fbxw8,3
Fem1b,3
Fen1,3
Fgd1,3
Fignl1,3
Fkbp1a,3
Fkbp8,3
Flna,3
Flot2,3
Fn1,3
Fntb,3
Foxm1,3
Foxred2,3
Ftl1,3
Fxr1,3
Fxyd5,3
G6pdx,3
Gale,3
Galk1,3
Gapdh,3
Gas2l3,3
Gas7,3
Gas8,3
Gatad1,3
Gemin6,3
Gemin7,3
Gfm1,3
Gfm2,3
Gga2,3
Gimap4,3
Gins1,3
Gins2,3
Gins4,3
Gja1,3
Glipr2,3
Glo1,3
Glrx,3
Glrx5,3
Gm10145,3
Gm10224,3
Gm10705,3
Gm10913,3
Gm11978,3
Gm13981,3
Gm15466,3
Gm16379,3
Gm17296,3
Gm1943,3
Gm3258,3
Gm5637,3
Gm5908,3
Gm6132,3
Gm684,3
Gm8210,3
Gm8213,3
Gnai2,3
Gng12,3
Gng2,3
Gnl3,3
Gnptab,3
Gosr2,3
Gp49a,3
Gpatch4,3
Gpc1,3
Gpn3,3
Gpr19,3
Gpsm2,3
Gpx1,3
Gpx4,3
Grb10,3
Grk5,3
Gspt2,3
Gss,3
Gstm1,3
Gstm2,3
Gsto1,3
Gstz1,3
Gtf2f1,3
Gtf2f2,3
Gtf2h1,3
Gtf2h4,3
Gtf3c1,3
Gtf3c3,3
Gtf3c5,3
Gtpbp8,3
Gtse1,3
Gyg,3
Gypc,3
H19,3
H1f0,3
H2afx,3
Hat1,3
Haus1,3
Haus4,3
Haus5,3
Haus8,3
Hdac3,3
Hddc2,3
Hdgf,3
Helb,3
Hic2,3
Hint1,3
Hipk2,3
Hirip3,3
Hist1h1b,3
Hist1h2af,3
Hist1h2ah,3
Hist1h2ak,3
Hist1h2an,3
Hist1h3a,3
Hist1h3c,3
Hist1h3d,3
Hist1h3g,3
Hist1h4i,3
Hist1h4j,3
Hist2h2ab,3
Hist2h2ac,3
Hlx,3
Hmgb2,3
Hmgcs1,3
Hmgn1,3
Hmgn2,3
Hmgn5,3
Hn1,3
Hn1l,3
Hnrnpab,3
Hnrnpc,3
Hnrnpll,3
Hnrnpm,3
Homer1,3
Hprt,3
Hras,3
Hs2st1,3
Hs3st1,3
Hsp90ab1,3
Hspa12b,3
Hspa9,3
Hspbp1,3
Hspe1,3
Htatip2,3
Htt,3
Hypk,3
Ibtk,3
Ica1,3
Icam2,3
Icos,3
Id1,3
Idh3b,3
Ifitm1,3
Ifitm2,3
Ifitm3,3
Ift27,3
Igf2,3
Igf2bp3,3
Igf2r,3
Igsf10,3
Il20rb,3
Il3ra,3
Ilf2,3
Ilf3,3
Immt,3
Imp4,3
Impa2,3
Impdh1,3
Incenp,3
Insig1,3
Insl6,3
Ints1,3
Ints9,3
Ipo4,3
Ipo5,3
Iqgap1,3
Iqgap2,3
Irak1bp1,3
Ispd,3
Itgal,3
Itgb1bp1,3
Itgb3bp,3
Jdp2,3
Jmjd7,3
Kank2,3
Kars,3
Katnb1,3
Kcnab2,3
Kcnk5,3
Kctd10,3
Kctd12b,3
Kctd5,3
Kif11,3
Kif15,3
Kif18a,3
Kif18b,3
Kif20b,3
Kif22,3
Kif23,3
Kif24,3
Kif2c,3
Kif4,3
Knop1,3
Knstrn,3
Kntc1,3
Kpna1,3
Kpna2,3
Krt10,3
Kxd1,3
L2hgdh,3
l7Rn6,3
Lage3,3
Lamc1,3
Lamtor1,3
Lancl2,3
Lbp,3
Leo1,3
Lgals1,3
Lgals3,3
Lgalsl,3
Lhfp,3
Lig1,3
Lin54,3
Lmnb2,3
Lonp1,3
Lpl,3
Lrp11,3
Lrrc25,3
Lrrc49,3
Lsm3,3
Lsm4,3
Lsm5,3
Lsm7,3
Lsm8,3
Luzp1,3
Lxn,3
Lyplal1,3
Mad2l1,3
Map2k4,3
Map3k11,3
Map3k6,3
Map4k1,3
Mapk1,3
Mapk3,3
Mapk6,3
Mapkap1,3
Mapkapk2,3
Marcksl1,3
Mbd3,3
Mbd4,3
Mboat1,3
Mcm10,3
Mcm2,3
Mcm3,3
Mcm4,3
Mcm5,3
Mcm6,3
Mcm7,3
Mcoln2,3
Mcts1,3
Mdh2,3
Mdk,3
Med16,3
Med4,3
Med9,3
Megf9,3
Melk,3
Metap1,3
Metrn,3
Mettl6,3
Mex3a,3
Mfsd6,3
Mgmt,3
Mgst1,3
Mgst3,3
Mical2,3
Mien1,3
Mif,3
Milr1,3
Mis18bp1,3
Mkks,3
Mlf1,3
Mlf2,3
Mmp13,3
Mms22l,3
Mnat1,3
Mns1,3
Mob3b,3
Mok,3
Morf4l2,3
Mphosph6,3
Mpv17l2,3
Mre11a,3
Mrpl11,3
Mrpl12,3
Mrpl14,3
Mrpl17,3
Mrpl23,3
Mrpl27,3
Mrpl28,3
Mrpl3,3
Mrpl30,3
Mrpl33,3
Mrpl34,3
Mrpl36,3
Mrpl4,3
Mrpl40,3
Mrpl42,3
Mrpl43,3
Mrpl48,3
Mrpl50,3
Mrpl54,3
Mrps12,3
Mrps16,3
Mrps18a,3
Mrps21,3
Mrps24,3
Mrps27,3
Mrps28,3
Mrps33,3
Mrs2,3
Ms4a6c,3
Msh6,3
Msto1,3
Mt1,3
Mta3,3
Mtbp,3
Mtch2,3
Mthfd1,3
Mtmr9,3
Mtss1,3
Mtus2,3
Mtx1,3
Mvd,3
Mvk,3
Myef2,3
Myeov2,3
Mylk,3
Myo5a,3
N4bp2,3
N6amt1,3
Naa15,3
Naa20,3
Naa38,3
Naa40,3
Nabp2,3
Naca,3
Nans,3
Nap1l1,3
Napepld,3
Nasp,3
Nat8l,3
Ncapd2,3
Ncapg2,3
Ncaph,3
Ncbp1,3
Nck2,3
Ndc1,3
Ndc80,3
Ndn,3
Ndst1,3
Ndufa10,3
Ndufa11,3
Ndufa12,3
Ndufa13,3
Ndufa2,3
Ndufa3,3
Ndufa4,3
Ndufa7,3
Ndufa8,3
Ndufa9,3
Ndufab1,3
Ndufb11,3
Ndufb6,3
Ndufb7,3
Ndufb8,3
Ndufc1,3
Ndufs2,3
Ndufs4,3
Ndufs6,3
Ndufs7,3
Ndufs8,3
Ndufv2,3
Ndufv3,3
Necap1,3
Nedd1,3
Nedd4,3
Nedd8,3
Nedd9,3
Nelfe,3
Nes,3
Net1,3
Neto2,3
Neurl2,3
Nfil3,3
Ngfrap1,3
Nhp2,3
Nif3l1,3
Nip7,3
Nkiras2,3
Nme1,3
Nme2,3
Nme4,3
Nme6,3
Nmral1,3
Noc2l,3
Nop58,3
Nostrin,3
Npc2,3
Npm1,3
Nqo2,3
Nr1h3,3
Nras,3
Nsf,3
Nsl1,3
Nsmce1,3
Nt5c3b,3
Ntan1,3
Nudt1,3
Nudt2,3
Nudt21,3
Nudt5,3
Nup107,3
Nup133,3
Nup155,3
Nup160,3
Nup205,3
Nup210,3
Nup43,3
Nup50,3
Nup62,3
Nup85,3
Nup93,3
Nus1,3
Nusap1,3
Nxn,3
Nxt1,3
Oat,3
Ocrl,3
Ogdh,3
Oip5,3
Ola1,3
Olfr70,3
Opa3,3
Opn3,3
Orc6,3
Osbpl5,3
Ost4,3
Ostc,3
Otub1,3
Otub2,3
P2ry14,3
Pa2g4,3
Pabpc1,3
Pabpc4l,3
Pafah2,3
Palb2,3
Pank1,3
Paox,3
Papss2,3
Park7,3
Parp1,3
Parpbp,3
Pbdc1,3
Pbk,3
Pcbd2,3
Pcbp1,3
Pcbp2,3
Pcbp4,3
Pcnt,3
Pdap1,3
Pdcd5,3
Pde12,3
Pde6d,3
Pdha1,3
Pdk3,3
Pdlim7,3
Pds5b,3
Pdxk,3
Pdxp,3
Pdzd11,3
Pebp1,3
Peg3,3
Pex19,3
Pfkm,3
Pfn1,3
Pgam5,3
Pgd,3
Pgls,3
Pgm2,3
Phb2,3
Phpt1,3
Pi4k2b,3
Pidd1,3
Pif1,3
Piga,3
Pih1d1,3
Pitpnm2,3
Pitrm1,3
Piwil2,3
Pkm,3
Plagl2,3
Plec,3
Plekha8,3
Plekhf1,3
Plekhg3,3
Plin3,3
Plk1,3
Plk2,3
Plk4,3
Plp2,3
Plscr1,3
Plxna2,3
Plxnc1,3
Plxnd1,3
Pmaip1,3
Pmf1,3
Pml,3
Pmvk,3
Pnkd,3
Pola2,3
Pold1,3
Pold2,3
Poldip2,3
Pole,3
Pole3,3
Polh,3
Polr2d,3
Polr2f,3
Polr2l,3
Polr3k,3
Pomp,3
Pop4,3
Pop5,3
Ppa1,3
Pparg,3
Ppdpf,3
Ppfibp1,3
Ppia,3
Ppic,3
Ppig,3
Ppil1,3
Ppm1g,3
Ppp1ca,3
Ppp1r11,3
Ppp1r16a,3
Ppp1r3g,3
Ppp2r2d,3
Ppp2r4,3
Ppp2r5c,3
Ppp4c,3
Pqlc2,3
Prc1,3
Prdx2,3
Prdx4,3
Prelid1,3
Prep,3
Prim2,3
Prkaca,3
Prkar2b,3
Prkrir,3
Prmt3,3
Prmt6,3
Prmt7,3
Prorsd1,3
Prpf8,3
Prr11,3
Psat1,3
Psip1,3
Psma3,3
Psma4,3
Psma5,3
Psma7,3
Psmb1,3
Psmb2,3
Psmb3,3
Psmb4,3
Psmb5,3
Psmb6,3
Psmb7,3
Psmc1,3
Psmc3,3
Psmc3ip,3
Psmc4,3
Psmc5,3
Psmd12,3
Psmd2,3
Psmd8,3
Psme3,3
Psmg1,3
Pstpip1,3
Pstpip2,3
Pter,3
Ptges3l,3
Ptk2,3
Ptk7,3
Ptpmt1,3
Ptpn11,3
Ptpre,3
Ptprv,3
Ptrh1,3
Pus1,3
Pvr,3
Pycrl,3
Pygb,3
Qars,3
Rab32,3
Rab38,3
Rab3d,3
Rab8a,3
Rabggtb,3
Rabl3,3
Rad18,3
Rad50,3
Rad51c,3
Rad54b,3
Rad54l,3
Raet1b,3
Ran,3
Ranbp1,3
Rangap1,3
Rangrf,3
Rapgef3,3
Rarres1,3
Rars,3
Rasl11b,3
Rbck1,3
Rbfa,3
Rbm17,3
Rbms1,3
Rcc1,3
Rcn3,3
Recql4,3
Reep1,3
Relt,3
Rfc1,3
Rfc2,3
Rfc3,3
Rfc5,3
Rftn1,3
Rhobtb3,3
Rhod,3
Rilpl2,3
Ripk3,3
Rlim,3
Rnaseh2b,3
Rnaseh2c,3
Rnf10,3
Rnf144a,3
Rnf187,3
Rnf26,3
Rnft2,3
Rnpep,3
Rnps1,3
Romo1,3
Rpa1,3
Rpa2,3
Rpa3,3
Rpgrip1,3
Rpl10,3
Rpl10a,3
Rpl13a,3
Rpl18,3
Rpl19,3
Rpl21,3
Rpl22,3
Rpl22l1,3
Rpl23a,3
Rpl24,3
Rpl27,3
Rpl29,3
Rpl36,3
Rpl37,3
Rpl4,3
Rpl41,3
Rpl7l1,3
Rpl8,3
Rpl9,3
Rplp1,3
Rplp2,3
Rps11,3
Rps12,3
Rps17,3
Rps19bp1,3
Rps2,3
Rps20,3
Rps24,3
Rps26,3
Rps27a,3
Rps27l,3
Rps3,3
Rps4x,3
Rps5,3
Rps7,3
Rps8,3
Rpsa,3
Rqcd1,3
Rrm1,3
Rrm2,3
Rsl1d1,3
Rtfdc1,3
Rtkn2,3
Rttn,3
Ruvbl1,3
Ruvbl2,3
Rwdd1,3
S100a13,3
Sae1,3
Sag,3
Samd10,3
Sapcd2,3
Satb1,3
Scaf11,3
Scamp4,3
Scand1,3
Scel,3
Sdhb,3
Sec22b,3
Selt,3
Sepw1,3
Serbp1,3
Serf1,3
Serf2,3
Serpinb6b,3
Sf3a1,3
Sf3b2,3
Sf3b3,3
Sf3b5,3
Sfxn1,3
Sfxn5,3
Sgol1,3
Sgol2,3
Sh3bgrl,3
Sh3bgrl3,3
Sh3pxd2b,3
Sh3yl1,3
Shfm1,3
Shmt1,3
Sik1,3
Siva1,3
Ska2,3
Ska3,3
Skp2,3
Slc10a7,3
Slc12a7,3
Slc16a10,3
Slc25a10,3
Slc25a20,3
Slc25a24,3
Slc25a3,3
Slc2a3,3
Slc30a1,3
Slc35g1,3
Slc6a13,3
Slc9a3r1,3
Slc9a3r2,3
Slfn2,3
Slk,3
Smad5,3
Smarca1,3
Smarca4,3
Smarcad1,3
Smarcb1,3
Smarcc1,3
Smarce1,3
Smc1a,3
Smc2,3
Smc4,3
Smco4,3
Smdt1,3
Smim12,3
Smim4,3
Smtn,3
Smyd2,3
Snd1,3
Snf8,3
Snrnp35,3
Snrpa,3
Snrpb,3
Snrpd1,3
Snrpd2,3
Snrpd3,3
Snrpf,3
Snrpg,3
Snw1,3
Snx12,3
Snx2,3
Sod1,3
Sorbs3,3
Sox12,3
Spag4,3
Spag5,3
Spata24,3
Spata31,3
Spc24,3
Spc25,3
Spdl1,3
Spg7,3
Spidr,3
Spryd4,3
Sptan1,3
Sqle,3
Sri,3
Srrd,3
Srrt,3
Srsf1,3
Srsf4,3
Ssna1,3
Ssrp1,3
Sstr3,3
Ssu72,3
St8sia4,3
Stard4,3
Stard7,3
Stip1,3
Stk39,3
Stmn1,3
Strap,3
Stub1,3
Stx6,3
Stx8,3
Sub1,3
Suclg2,3
Sumo1,3
Supt16,3
Supt5,3
Susd1,3
Suv39h1,3
Suz12,3
Synj2bp,3
Szrd1,3
Taf10,3
Taf1d,3
Tagln2,3
Taldo1,3
Tamm41,3
Tas2r120,3
Tbc1d10b,3
Tbc1d13,3
Tbc1d24,3
Tbca,3
Tbcd,3
Tcea3,3
Tceal8,3
Tceb2,3
Tcf12,3
Tcf19,3
Tcf25,3
Tcp1,3
Tecr,3
Tfdp1,3
Tfg,3
Tfip11,3
Tfrc,3
Tgm1,3
Thbd,3
Thoc5,3
Thoc6,3
Thoc7,3
Thrap3,3
Thumpd1,3
Thyn1,3
Timeless,3
Timm10b,3
Timm17b,3
Timm44,3
Timm50,3
Timm8a1,3
Timm8b,3
Tipin,3
Tk1,3
Tmem107,3
Tmem126a,3
Tmem14c,3
Tmem154,3
Tmem167,3
Tmem2,3
Tmem205,3
Tmem242,3
Tmem25,3
Tmem256,3
Tmem258,3
Tmem38b,3
Tmem51,3
Tmem55a,3
Tmem8,3
Tmem97,3
Tnik,3
Tnni2,3
Tnnt1,3
Tomm22,3
Tonsl,3
Top2a,3
Tpcn1,3
Tpd52,3
Tpi1,3
Tpm1,3
Tpm4,3
Tpmt,3
Tpx2,3
Trabd,3
Trak2,3
Trappc1,3
Trappc2l,3
Trappc3,3
Trappc6a,3
Trim25,3
Trim27,3
Trim28,3
Trim59,3
Triobp,3
Trmt1,3
Trmt112,3
Troap,3
Trps1,3
Tshz3,3
Tsnax,3
Tsta3,3
Ttc39a,3
Ttc7b,3
Ttk,3
Tuba1b,3
Tuba1c,3
Tuba3b,3
Tubb4b,3
Tubb5,3
Tubb6,3
Tube1,3
Tubgcp2,3
Tufm,3
Txn1,3
Txn2,3
Txndc5,3
Txnl4a,3
Tyms-ps,3
Uaca,3
Uba1,3
Uba2,3
Ubap2,3
Ube2e2,3
Ube2k,3
Ube2l3,3
Ube2m,3
Ube2v1,3
Ube4b,3
Ubl4,3
Ubl4b,3
Ubl5,3
Ubr2,3
Uchl5,3
Uevld,3
Ufc1,3
Umps,3
Ung,3
Uqcc2,3
Uqcr10,3
Uqcr11,3
Uqcrb,3
Uqcrc1,3
Uqcrc2,3
Urod,3
Usp1,3
Usp5,3
Vac14,3
Vamp3,3
Vav3,3
Vcp,3
Vdac1,3
Vill,3
Vim,3
Vkorc1l1,3
Vps25,3
Vps26a,3
Vps36,3
Vps45,3
Vps51,3
Vti1b,3
Wasf1,3
Wbp11,3
Wdhd1,3
Wdr1,3
Wdr3,3
Wdr34,3
Wdr61,3
Wdr70,3
Wdr76,3
Wdr78,3
Wdr90,3
Wwc2,3
Wwtr1,3
Xist,3
Xkr5,3
Xpnpep1,3
Xpo6,3
Xrcc1,3
Xrcc3,3
Ybx1,3
Zbtb46,3
Zbtbd6,3
Zc2hc1a,3
Zc3h12d,3
Zfp239,3
Zfp41,3
Zfp428,3
Zfp473,3
Zfp521,3
Zgrf1,3
Znhit1,3
Zranb3,3
Zw10,3
Zwilch,3
42615,4
1700006A11Rik,4
1700011H14Rik,4
1700017D01Rik,4
1700017N19Rik,4
1700022A21Rik,4
1700023E05Rik,4
1700024P16Rik,4
1700028P14Rik,4
1700029M20Rik,4
1700042B14Rik,4
1700061I17Rik,4
1700067P10Rik,4
1700071K01Rik,4
1700108F19Rik,4
1700112H15Rik,4
1700113H08Rik,4
1810043H04Rik,4
1810058I24Rik,4
2010106E10Rik,4
2310057J18Rik,4
2310057M21Rik,4
2410018L13Rik,4
2610034M16Rik,4
2810408A11Rik,4
2900041M22Rik,4
3830406C13Rik,4
3830408C21Rik,4
4921509C19Rik,4
4921530L21Rik,4
4921533I20Rik,4
4922502D21Rik,4
4930430D24Rik,4
4930470P17Rik,4
4930473A02Rik,4
4930510E17Rik,4
4930556L07Rik,4
4930583K01Rik,4
4933422H20Rik,4
4933434E20Rik,4
4933436I01Rik,4
5430421N21Rik,4
6330403A02Rik,4
6720489N17Rik,4
9130208D14Rik,4
9230110F15Rik,4
A430107P09Rik,4
A530099J19Rik,4
A630033H20Rik,4
A830018L16Rik,4
Aak1,4
Abca14,4
Abca15,4
Abca4,4
Abcc1,4
Abce1,4
Ablim3,4
Abo,4
Abr,4
Acacb,4
Acad9,4
Accsl,4
Acnat2,4
Acot2,4
Acr,4
Acsm1,4
Acsm3,4
Acsm4,4
Acsm5,4
Actrt3,4
Adad1,4
Adam22,4
Adam26a,4
Adamts14,4
Adcy1,4
Adra1d,4
Adss,4
AF366264,4
Aggf1,4
Agtrap,4
AI429214,4
AI597479,4
AI846148,4
Akap17b,4
Akap4,4
Akap7,4
Alg10b,4
Ambn,4
Ank3,4
Ankmy2,4
Ankrd1,4
Ankrd17,4
Ankrd26,4
Ano5,4
Aph1b,4
Apobec2,4
Apool,4
Appl1,4
Arhgap39,4
Arhgap6,4
Arhgef19,4
Arhgef28,4
Arl2bp,4
Armc2,4
Arntl2,4
Arsj,4
Art1,4
Arvcf,4
Asb15,4
Asb8,4
Ascc3,4
Asic3,4
Atf5,4
Atoh7,4
Atp5f1,4
Atp6v0d2,4
Atxn3,4
Aym1,4
B020031M17Rik,4
B3galt1,4
B4galt5,4
Baalc,4
Bai2,4
Baz1a,4
BB014433,4
BC016579,4
BC021891,4
BC027072,4
BC030307,4
BC048644,4
BC049730,4
Bcas1os2,4
Bfar,4
Bhlha15,4
Bloc1s2,4
Bpifb2,4
Bpifb9a,4
Bptf,4
Brd3,4
Brpf3,4
Brsk2,4
Bsnd,4
Bsph2,4
Bud31,4
C130060K24Rik,4
C1d,4
C1qtnf3,4
C1s2,4
Cabp2,4
Cabp5,4
Cacng7,4
Cacul1,4
Calcr,4
Cand2,4
Caps2,4
Car5b,4
Car8,4
Card10,4
Cbr4,4
Cc2d2a,4
Ccbl2,4
Ccdc125,4
Ccdc138,4
Ccdc27,4
Ccdc33,4
Ccdc51,4
Ccdc82,4
Ccdc90b,4
Ccl25,4
Ccnk,4
Ccny,4
Ccpg1,4
Ccr9,4
Cct6b,4
Cd101,4
Cd226,4
Cd36,4
Cdc14b,4
Cdc42se1,4
Cdh11,4
Cdh13,4
Cdh24,4
Cdh8,4
Cdhr2,4
Cdk14,4
Cdk5rap1,4
Cdkl1,4
Ceacam18,4
Ceacam2,4
Cela2a,4
Celf3,4
Celsr3,4
Cep120,4
Cep44,4
Cep57,4
Cep72,4
Ces1e,4
Cetn4,4
Cgref1,4
Chac2,4
Chad,4
Chl1,4
Chrdl1,4
Chrm4,4
Chrm5,4
Churc1,4
Clca6,4
Cldn8,4
Clrn1,4
Cml2,4
Cnpy1,4
Cntf,4
Cntn2,4
Cntn3,4
Cntnap5c,4
Coch,4
Cog5,4
Col4a3,4
Col6a4,4
Col6a5,4
Cpa2,4
Cpa4,4
Crabp1,4
Crim1,4
Crxos,4
Cryga,4
Crygc,4
Cst11,4
Ctbp1,4
Ctnnd1,4
Ctsc,4
Cxcl11,4
Cxcl12,4
Cyb5r4,4
Cyp21a1,4
Cyp2c50,4
Cyp2c65,4
Cyp2c68,4
Cyp2d34,4
Cyp2d9,4
Cyp2j5,4
Cyp3a16,4
Cyp3a44,4
Cyp4a10,4
Cyp51,4
Cysltr2,4
D030029J20Rik,4
D10Bwg1379e,4
D630039A03Rik,4
D6Ertd474e,4
D730048I06Rik,4
Dand5,4
Dapk2,4
Dbil5,4
Dcaf10,4
Dck,4
Dclk1,4
Dclre1a,4
Dctn6,4
Ddb1,4
Ddr1,4
Ddx47,4
Ddx59,4
Defa4,4
Defb1,4
Defb22,4
Defb28,4
Defb37,4
Defb43,4
Denr,4
Dffb,4
Dgat2l6,4
Dhrs7c,4
Dhx40,4
Dhx9,4
Dicer1,4
Dlx1as,4
Dmrtc1a,4
Dnaja1,4
Dnajb7,4
Dnase1,4
Donson,4
Dpf1,4
Dppa4,4
Dpyd,4
Draxin,4
Dscaml1,4
Dse,4
Dstn,4
Dtl,4
Dync2li1,4
E030025P04Rik,4
E130114P18Rik,4
E130201H02Rik,4
E430025E21Rik,4
Eaf1,4
Ear2,4
Eea1,4
Ehmt1,4
Eif4e1b,4
Eif5,4
Elf3,4
Elfn1,4
Enam,4
Enox2,4
Enpep,4
Epb4.1l5,4
Ephb1,4
Eps15l1,4
Ercc2,4
Ercc6,4
Erich5,4
Esp1,4
Eva1c,4
Exoc6b,4
F11,4
F8,4
Fabp9,4
Fads6,4
Faim2,4
Fam103a1,4
Fam118b,4
Fam124b,4
Fam135a,4
Fam151b,4
Fam171a1,4
Fam210a,4
Fam3b,4
Fam57b,4
Fam84b,4
Fam98b,4
Fanca,4
Fancl,4
Fat4,4
Fbxl20,4
Fbxo18,4
Fbxo45,4
Fgf17,4
Fgf8,4
Fgfbp3,4
Fgfr1,4
Fibcd1,4
Fkbp3,4
Fmr1nb,4
Folh1,4
Folr4,4
Foxd3,4
Foxi1,4
Foxo6,4
Frmpd1,4
Frrs1l,4
Fshr,4
Fstl1,4
Fstl4,4
Fstl5,4
Fto,4
Fubp3,4
Fut4,4
Fyn,4
Fzd10,4
Gabra2,4
Gabrp,4
Galntl5,4
Galp,4
Galr1,4
Gast,4
Gbp7,4
Gcc2,4
Gfral,4
Ggps1,4
Gid4,4
Glb1l3,4
Glra4,4
Glud1,4
Gm1045,4
Gm10863,4
Gm13177,4
Gm13363,4
Gm14015,4
Gm14325,4
Gm16387,4
Gm1661,4
Gm19888,4
Gm2710,4
Gm4745,4
Gm4975,4
Gm5,4
Gm5082,4
Gm5176,4
Gm5458,4
Gm5592,4
Gm5643,4
Gm5820,4
Gm6878,4
Gm7083,4
Gm7221,4
Gm813,4
Gm8675,4
Gm9079,4
Gnas,4
Gorab,4
Gpr110,4
Gpr113,4
Gpr132,4
Gpr141,4
Gpr15,4
Gpr27,4
Gpr4,4
Gpr50,4
Gpr64,4
Gprc5c,4
Gramd1c,4
Grb14,4
Grik1,4
Grk4,4
Grm7,4
Grrp1,4
Gsdmc3,4
Gsdmcl1,4
Gsg2,4
Gtf2a1,4
Gtf2i,4
Gucy1a2,4
Gucy2c,4
Gykl1,4
H2-T3,4
Hacl1,4
Hars,4
Has2,4
Hdac2,4
Hdgfrp3,4
Hdhd2,4
Hectd1,4
Hecw1,4
Hecw2,4
Heph,4
Hes3,4
Hgf,4
Hif1an,4
Hist1h1a,4
Hist1h2bc,4
Hk1,4
Hltf,4
Hmcn1,4
Hmga2,4
Hmgcr,4
Hnf4g,4
Homez,4
Hopx,4
Hoxa4,4
Hoxd12,4
Hoxd13,4
Hoxd3os1,4
Hs6st2,4
Hsd17b6,4
Hsdl1,4
Hsdl2,4
Hsf1,4
Hsf5,4
Hspa8,4
Htatsf1,4
Hyal4,4
Hyls1,4
Ibsp,4
Ido1,4
Ifi27l2b,4
Ifna1,4
Ifna2,4
Ifng,4
Ift52,4
Igf1r,4
Igflr1,4
Ikzf1,4
Il17b,4
Il17d,4
Il1rap,4
Impg1,4
Impg2,4
Inadl,4
Ing3,4
Inhbe,4
Inpp5a,4
Insr,4
Iqcf1,4
Iqcg,4
Irak4,4
Irf2bpl,4
Irgc1,4
Irx6,4
Isx,4
Jph4,4
Katnal2,4
Katnbl1,4
Kcna4,4
Kcnc4,4
Kcng3,4
Kcnip1,4
Kcnj4,4
Kcnj5,4
Kcnmb2,4
Kcnn1,4
Kcnn2,4
Kctd14,4
Kctd19,4
Khsrp,4
Kif14,4
Kir3dl1,4
Kitl,4
Klf10,4
Klf11,4
Klf17,4
Klhdc8a,4
Klhl1,4
Klk1b9,4
Klra13-ps,4
Klra22,4
Klra5,4
Klri1,4
Kng1,4
Krt16,4
Krt32,4
Krt36,4
Krt9,4
Krtap19-3,4
Lamp3,4
Lamtor3,4
Lax1,4
Lce1m,4
Lcorl,4
Ldb3,4
Ldlr,4
Ldlrap1,4
Lect1,4
Lef1,4
Lhb,4
Lhcgr,4
Lhx9,4
Lima1,4
Lingo3,4
Lmcd1,4
Lmtk3,4
Lpin1,4
Lppr4,4
Lrpprc,4
Lrr1,4
Lrrc2,4
Lrrc48,4
Lrrc4b,4
Lrrc63,4
Lrrc69,4
Lrrc9,4
Lrriq4,4
Lta,4
Luc7l3,4
Lypd5,4
Lztfl1,4
Magea5,4
Mageb2,4
Magel2,4
Man1a2,4
Map2k6,4
Map3k13,4
Map3k2,4
Map6d1,4
Mapk12,4
Mapk4,4
Mbd6,4
Mboat2,4
Mchr1,4
Mecom,4
Med1,4
Med10,4
Med13,4
Med30,4
Meox2,4
Mettl15,4
Micalcl,4
Mief1,4
Mipol1,4
Mitd1,4
Mitf,4
Mixl1,4
Mkrn3,4
Mlkl,4
Mmp16,4
Mmp1b,4
Mob4,4
Morn3,4
Mospd1,4
Mov10,4
Mpc2,4
Mpdz,4
Mphosph10,4
Ms4a6b,4
Msi1,4
Msra,4
Msx2,4
Mtfmt,4
Mthfd2l,4
Mtmr11,4
Mtrr,4
Muc5b,4
Myh8,4
Myl1,4
Mylk2,4
Mynn,4
Myo1f,4
Myzap,4
Nabp1,4
Ncoa7,4
Ndufb3,4
Nfat5,4
Nfatc1,4
Nhlh1,4
Ninj2,4
Nkx2-4,4
Nkx2-6,4
Nlrp4b,4
Nlrp5,4
Nlrp9c,4
Nog,4
Nol11,4
Npy5r,4
Nr4a1,4
Nsdhl,4
Nt5c2,4
Ntrk3,4
Nufip1,4
Nup188,4
Nup35,4
Nup54,4
Obox2,4
Olfr10,4
Olfr1000,4
Olfr1008,4
Olfr101,4
Olfr102,4
Olfr1031,4
Olfr1034,4
Olfr1037,4
Olfr1057,4
Olfr1102,4
Olfr1130,4
Olfr116,4
Olfr1161,4
Olfr1178,4
Olfr118,4
Olfr1186,4
Olfr1201,4
Olfr1249,4
Olfr125,4
Olfr1275,4
Olfr1276,4
Olfr1281,4
Olfr1294,4
Olfr1335,4
Olfr1342,4
Olfr1361,4
Olfr1384,4
Olfr1387,4
Olfr142,4
Olfr1426,4
Olfr145,4
Olfr1480,4
Olfr1502,4
Olfr168,4
Olfr173,4
Olfr18,4
Olfr181,4
Olfr192,4
Olfr196,4
Olfr199,4
Olfr207,4
Olfr213,4
Olfr23,4
Olfr251,4
Olfr283,4
Olfr290,4
Olfr292,4
Olfr297,4
Olfr318,4
Olfr325,4
Olfr345,4
Olfr374,4
Olfr380,4
Olfr39,4
Olfr401,4
Olfr417,4
Olfr419,4
Olfr426,4
Olfr448,4
Olfr453,4
Olfr458,4
Olfr512,4
Olfr521,4
Olfr530,4
Olfr538,4
Olfr553,4
Olfr555,4
Olfr56,4
Olfr560,4
Olfr584,4
Olfr698,4
Olfr701,4
Olfr706,4
Olfr716,4
Olfr725,4
Olfr73,4
Olfr734,4
Olfr736,4
Olfr807,4
Olfr826,4
Olfr866,4
Olfr881,4
Olfr898,4
Olfr963,4
Olfr965,4
Olfr974,4
Olfr980,4
Omg,4
Onecut1,4
Oog3,4
Opa1,4
Opalin,4
Opn4,4
Orc2,4
Osbp,4
Osbpl11,4
Osbpl8,4
Otud4,4
Oxtr,4
Palm,4
Palmd,4
Panx2,4
Paqr9,4
Pard3,4
Pard3b,4
Parp11,4
Pax8,4
Pbsn,4
Pbx3,4
Pcdh11x,4
Pcdh17,4
Pcdha1,4
Pcdha10,4
Pcdha2,4
Pcdhga3,4
Pcf11,4
Pck1,4
Pcm1,4
Pcmt1,4
Pcsk5,4
Pde1c,4
Pde3a,4
Pdhb,4
Peg10,4
Pfkfb1,4
Phf6,4
Phkb,4
Pi4ka,4
Pih1d3,4
Pip5kl1,4
Pipox,4
Pira1,4
Pisd,4
Piwil1,4
Pknox2,4
Plac8l1,4
Plekhm1,4
Plin4,4
Pnliprp2,4
Pof1b,4
Polq,4
Ppapdc1a,4
Ppifos,4
Ppil4,4
Ppip5k2,4
Ppp1cb,4
Ppp1r21,4
Ppp1r36,4
Ppp4r4,4
Pramel6,4
Prom1,4
Proser1,4
Prpsap2,4
Prr13,4
Prr33,4
Prrx2,4
Prss40,4
Psg16,4
Psg21,4
Psma6,4
Psma8,4
Psmd10,4
Psme4,4
Ptger4,4
Ptpn22,4
Ptpn3,4
Ptprf,4
Ptprr,4
Pts,4
Ptx4,4
Pus7,4
Pyurf,4
Pzp,4
Rab1,4
Rab18,4
Rai2,4
Ralb,4
Ralbp1,4
Rap1b,4
Rap1gap2,4
Rasal2,4
Rasgef1a,4
Rasgef1c,4
Rasgrp1,4
Rasl11a,4
Rassf6,4
Rassf9,4
Rbl1,4
Rbms2,4
Rbmx2,4
Rbpjl,4
Reg3a,4
Reg3b,4
Reg4,4
Rest,4
Rgl1,4
Rhox4d,4
Rin1,4
Ripk1,4
Rit1,4
Rln3,4
Rmdn1,4
Rmdn2,4
Rmnd5a,4
Rnf128,4
Rnf141,4
Rnf170,4
Rnf216,4
Robo4,4
Rpain,4
Rpgr,4
Rpp25,4
Rps6,4
Rrm2b,4
Rsg1,4
Rsph6a,4
Runx2,4
Rwdd3,4
S100b,4
Samd15,4
Samd3,4
Sash1,4
Sbpl,4
Scaf4,4
Scarletltr,4
Scgb2b26,4
Scrt1,4
Scube2,4
Scx,4
Sdcbp,4
Sdk2,4
Sdr9c7,4
Sec14l3,4
Sec22a,4
Sec23ip,4
Sec24d,4
Sectm1b,4
Sema4f,4
Sephs1,4
Sepsecs,4
Serpinb3b,4
Serpine1,4
Serpine3,4
Setd4,4
Sgip1,4
Sh3bgr,4
Shc3,4
Sidt1,4
Six3,4
Six6,4
Skap1,4
Skap2,4
Skint9,4
Slc10a2,4
Slc18a1,4
Slc22a18,4
Slc22a19,4
Slc25a40,4
Slc25a41,4
Slc2a10,4
Slc2a8,4
Slc2a9,4
Slc30a8,4
Slc35d2,4
Slc35e3,4
Slc39a14,4
Slc39a5,4
Slc48a1,4
Slc7a11,4
Slc7a13,4
Slc8a3,4
Slfn3,4
Slfn8,4
Slx4ip,4
Smad7,4
Smgc,4
Smoc1,4
Smr2,4
Snrpb2,4
Snx22,4
Snx24,4
Snx27,4
Snx4,4
Sox11,4
Spaca7,4
Spag11a,4
Spata21,4
Spats2,4
Spcs1,4
Specc1l,4
Speer1-ps1,4
Speer4d,4
Sprr2f,4
Sprr2h,4
Spta1,4
Srsf7,4
Steap1,4
Stim2,4
Strip2,4
Sun3,4
Syn3,4
Syne2,4
Syngr4,4
Syt7,4
Syt9,4
Sytl1,4
Taar7d,4
Taar9,4
Tab3,4
Tacr3,4
Tada1,4
Taf1,4
Tardbp,4
Tas2r107,4
Tas2r137,4
Tbx1,4
Tbx22,4
Tcf3,4
Tcf4,4
Tdp2,4
Tdpoz2,4
Tex13,4
Tex21,4
Tex28,4
Tex36,4
Thap2,4
Themis,4
Timm23,4
Tktl1,4
Tlk2,4
Tlx1,4
Tma16,4
Tmed11,4
Tmeff2,4
Tmem123,4
Tmem126b,4
Tmem189,4
Tmem218,4
Tmem263,4
Tmem41b,4
Tmem52,4
Tmem74b,4
Tmpo,4
Tmprss12,4
Tnfrsf11b,4
Tnfrsf8,4
Tnpo3,4
Tnrc18,4
Tnxb,4
Tpgs2,4
Tpk1,4
Traf3ip1,4
Trappc13,4
Trappc4,4
Trim32,4
Trim43a,4
Trim44,4
Trim6,4
Trip11,4
Trnt1,4
Trpc3,4
Trub2,4
Tsix,4
Tslp,4
Tstd3,4
Ttc34,4
Tubgcp5,4
Tvp23a,4
Tyw3,4
Uba6,4
Ube2d2a,4
Ube2d3,4
Ube2g2,4
Ube2j2,4
Ube2v2,4
Ube3b,4
Ubr3,4
Ucn3,4
Ufsp2,4
Ugp2,4
Ugt2a1,4
Uhrf2,4
Unc80,4
Upk2,4
Uqcrh,4
Usf2,4
Ush2a,4
Usp2,4
Usp37,4
Usp46,4
Usp47,4
Utp14a,4
Vamp7,4
Vdac3,4
Vdr,4
Vegfa,4
Vgll2,4
Vldlr,4
Vmn1r212,4
Vmn1r22,4
Vmn1r227,4
Vmn1r-ps103,4
Vmn2r1,4
Vmn2r112,4
Vmn2r37,4
Vmn2r42,4
Vmn2r71,4
Vmn2r90,4
Vmn2r-ps159,4
Vmn2r-ps54,4
Vps4a,4
Vsig4,4
Vstm2a,4
Wac,4
Wbp1l,4
Wdr38,4
Wdr41,4
Wdr64,4
Wdr92,4
Wfdc16,4
Wnt16,4
Wrnip1,4
Xirp1,4
Xrcc6bp1,4
Yaf2,4
Ybx2,4
Ypel4,4
Ythdc1,4
Yy1,4
Zap70,4
Zbtb11,4
Zbtb33,4
Zbtb37,4
Zbtb44,4
Zbtb5,4
Zc2hc1b,4
Zc3h13,4
Zcchc9,4
Zdhhc20,4
Zdhhc21,4
Zdhhc6,4
Zfhx2,4
Zfp157,4
Zfp292,4
Zfp354b,4
Zfp362,4
Zfp365,4
Zfp36l3,4
Zfp385b,4
Zfp422,4
Zfp455,4
Zfp462,4
Zfp54,4
Zfp580,4
Zfp661,4
Zfp663,4
Zfp672,4
Zfp711,4
Zfp72,4
Zfp759,4
Zfp781,4
Zfp804a,4
Zfp808,4
Zfp820,4
Zfp946,4
Zhx1,4
Zmpste24,4
Zmym1,4
Zmynd8,4
Zranb2,4
Zrsr2,4
Zscan4a,4
42435,5
42616,5
42621,5
42628,5
0610010K14Rik,5
1190002N15Rik,5
1500009L16Rik,5
1700009P17Rik,5
1700021K19Rik,5
1700088E04Rik,5
1810041L15Rik,5
2010107G23Rik,5
2010204K13Rik,5
2210016L21Rik,5
2410089E03Rik,5
2410131K14Rik,5
2610008E11Rik,5
2610028H24Rik,5
2610507B11Rik,5
2810025M15Rik,5
3110035E14Rik,5
3110043O21Rik,5
4930402H24Rik,5
4930486L24Rik,5
4930523C07Rik,5
4930594M22Rik,5
4931419H13Rik,5
4931428F04Rik,5
4933431E20Rik,5
5730507C01Rik,5
5830418K08Rik,5
6330403K07Rik,5
6330419J24Rik,5
9030624J02Rik,5
9130024F11Rik,5
9530068E07Rik,5
9930012K11Rik,5
A330102I10Rik,5
A3galt2,5
A430093F15Rik,5
A430105I19Rik,5
A630073D07Rik,5
A730017C20Rik,5
Aagab,5
AB124611,5
Abat,5
Abca1,5
Abi2,5
Acad8,5
Acadl,5
Acbd4,5
Aco1,5
Acot1,5
Acot13,5
Acsbg1,5
Acsl1,5
Acsl5,5
Acsl6,5
Acss1,5
Actl6b,5
Actn4,5
Actr1b,5
Acy3,5
Adam15,5
Adam28,5
Adam3,5
Adam33,5
Adam9,5
Adar,5
Adcy3,5
Adcy4,5
Adssl1,5
Aebp2,5
Afap1,5
Afap1l1,5
Agap1,5
Ager,5
Agfg1,5
Ahcyl1,5
Ahcyl2,5
AI427809,5
AI593442,5
AI607873,5
Akap12,5
Akap6,5
Akap9,5
Akr1a1,5
Akr1b8,5
Aldh16a1,5
Aldh1l1,5
Aldh2,5
Aldh3b1,5
Aldh6a1,5
Aldoc,5
Alg2,5
Alg8,5
Als2,5
Amdhd2,5
Amotl2,5
Amz2,5
Anapc4,5
Ankfy1,5
Ankrd11,5
Ankrd50,5
Ankrd6,5
Anxa5,5
Anxa6,5
Aoah,5
Ap1b1,5
Ap1g2,5
Ap2a2,5
Ap2m1,5
Ap2s1,5
Ap3b1,5
Ap3b2,5
Ap3d1,5
Apba2,5
Apcdd1,5
Aplp1,5
Aplp2,5
Apoa1bp,5
Apobr,5
Apoc1,5
Apod,5
Apoe,5
Aqp2,5
Aqp4,5
Arcn1,5
Arf3,5
Arf5,5
Arfrp1,5
Arg1,5
Arhgap18,5
Arhgap19,5
Arhgap20,5
Arhgap25,5
Arhgap30,5
Arhgap33,5
Arhgap44,5
Arhgdig,5
Arhgef10,5
Arhgef11,5
Arhgef26,5
Arhgef3,5
Arhgef5,5
Arhgef7,5
Arl14epl,5
Arl4a,5
Armc8,5
Arnt2,5
Arpc1a,5
Arsb,5
Art2a-ps,5
Asap1,5
Asb10,5
Asb3,5
Ascc1,5
Ascl2,5
Asl,5
Astn1,5
Atad2,5
Atad3aos,5
Atat1,5
Atg16l2,5
Atl2,5
Atmin,5
Atp13a2,5
Atp13a3,5
Atp1a2,5
Atp1b2,5
Atp1b3,5
Atp2a2,5
Atp2b1,5
Atp6ap2,5
Atp6v0a1,5
Atp6v0e,5
Atp6v0e2,5
Atp6v1d,5
Atp6v1g1,5
Atp9a,5
Atr,5
Atxn7l3b,5
Avl9,5
Axl,5
B3galnt1,5
B3gat1,5
B3gnt3,5
Bag6,5
Bai3,5
Batf2,5
Bax,5
Bbs7,5
Bbx,5
BC024139,5
BC026585,5
Bcan,5
Bcap29,5
Bcas1,5
Bcl11b,5
Becn1,5
Best2,5
Bet1,5
Bex2,5
Bhlhe40,5
Blvra,5
Blvrb,5
Bmp2k,5
Bmpr1a,5
Bnip2,5
Bod1,5
Bok,5
Brd1,5
Brd8,5
Brdt,5
Brinp1,5
Brms1l,5
Bst2,5
C1galt1,5
C2,5
C3,5
C430049B03Rik,5
C4b,5
C530008M17Rik,5
C77080,5
Cadps2,5
Calb2,5
Calcoco1,5
Caln1,5
Calr,5
Calu,5
Camk2n2,5
Camk4,5
Capns1,5
Capza1,5
Capzb,5
Caskin1,5
Casp1,5
Casp6,5
Cav2,5
Cbr2,5
Cbs,5
Ccar2,5
Ccdc126,5
Ccdc132,5
Ccdc184,5
Ccdc3,5
Ccdc53,5
Ccdc92,5
Cchcr1,5
Ccl12,5
Ccl2,5
Ccl24,5
Ccl5,5
Ccl7,5
Ccnd1,5
Ccnt1,5
Ccser2,5
Cd163,5
Cd200,5
Cd200r1,5
Cd209b,5
Cd209f,5
Cd300lf,5
Cd38,5
Cd40,5
Cd63,5
Cd93,5
Cd99l2,5
Cdc27,5
Cdc42bpa,5
Cdh20,5
Cdh5,5
Cdhr3,5
Cdhr4,5
Cdk11b,5
Cdk17,5
Cdk20,5
Cdk5rap2,5
Cdk8,5
Cdkl2,5
Cdkn1a,5
Cdkn1b,5
Cdkn2c,5
Cdo1,5
Cecr6,5
Celf4,5
Celf6,5
Celsr2,5
Cenpv,5
Cep170b,5
Cep192,5
Cep70,5
Chd1,5
Chd1l,5
Chd3os,5
Chd9,5
Chmp6,5
Chp2,5
Chpt1,5
Chrm1,5
Chrnb1,5
Chrng,5
Cir1,5
Ckap2,5
Cldn10,5
Cldn11,5
Cldn5,5
Clec4a1,5
Clec4d,5
Clec4e,5
Clec4n,5
Clip1,5
Clk3,5
Cln3,5
Clptm1,5
Cmah,5
Cmpk1,5
Cmtm5,5
Cndp2,5
Cnep1r1,5
Cnih1,5
Cnnm2,5
Cnrip1,5
Cntn1,5
Cog6,5
Col23a1,5
Col26a1,5
Col4a1,5
Col4a2,5
Col4a3bp,5
Col5a2,5
Col9a2,5
Colec12,5
Commd10,5
Commd3,5
Commd4,5
Commd9,5
Copg1,5
Coprs,5
Cops7a,5
Copz2,5
Coro2b,5
Cotl1,5
Cox7a2l,5
Cp,5
Cpa3,5
Cpd,5
Cpe,5
Cpeb3,5
Cplx1,5
Cplx2,5
Cpne6,5
Cpne8,5
Cpq,5
Cpsf6,5
Crebbp,5
Crebrf,5
Crip2,5
Crmp1,5
Crtap,5
Cryba4,5
Crym,5
Cryz,5
Csdc2,5
Cspg4,5
Cspg5,5
Ctla2b,5
Ctnna1,5
Ctnnb1,5
Ctnnbip1,5
Ctps2,5
Ctsa,5
Ctsb,5
Ctxn1,5
Ctxn2,5
Cuedc2,5
Cul4a,5
Cul5,5
Cux1,5
Cxcl10,5
Cxcr2,5
Cxcr3,5
Cxcr4,5
Cxx1c,5
Cxxc1,5
Cyba,5
Cylc1,5
Cyp1b1,5
Cyp20a1,5
Cyr61,5
Dact3,5
Dad1,5
Daxx,5
Dclre1c,5
Dcx,5
Dcxr,5
Ddi2,5
Ddn,5
Ddr2,5
Ddx10,5
Ddx39b,5
Ddx60,5
Decr2,5
Degs1,5
Dennd1a,5
Depdc1a,5
Dgcr2,5
Dgkk,5
Dgkz,5
Dhrs1,5
Dhx57,5
Dhx58,5
Dhx8,5
Dip2c,5
Diras1,5
Diras2,5
Dlx1,5
Dmxl1,5
Dnah2,5
Dnajb6,5
Dnajc13,5
Dnajc3,5
Dnajc6,5
Dner,5
Dnm1l,5
Doc2b,5
Dock1,5
Dock6,5
Dok5,5
Dpagt1,5
Dpep2,5
Dpp6,5
Dpysl3,5
Dpysl4,5
Dpysl5,5
Dram1,5
Dtx3l,5
Dusp26,5
Dusp8,5
Dync1li1,5
Dynlrb2,5
Dzip1,5
Dzip3,5
Ebi3,5
Echdc2,5
Ecm1,5
Eef1a2,5
Eef1b2,5
Eef2,5
Efcab2,5
Efemp2,5
Efr3a,5
Egfr,5
Egln1,5
Egln2,5
Ehbp1l1,5
Ehd4,5
Ei24,5
Eif1b,5
Eif2ak2,5
Eif3f,5
Eif4b,5
Eif4e,5
Eif4ebp2,5
Eif4g3,5
Elavl1,5
Elavl3,5
Elovl4,5
Eltd1,5
Eml1,5
Emr1,5
Enkur,5
Eno2,5
Enox1,5
Enpp1,5
Enpp2,5
Ensa,5
Entpd5,5
Ep400,5
Epb4.1l1,5
Epb4.1l3,5
Epdr1,5
Epha5,5
Epha8,5
Epor,5
Eprs,5
Eps15,5
Eps8,5
Erc2,5
Ercc6l2,5
Erdr1,5
Eri2,5
Erv3,5
Esam,5
Espnl,5
Etfdh,5
Etl4,5
Etv1,5
Etv4,5
Etv6,5
Ext1,5
F13a1,5
Fabp3,5
Fabp7,5
Fads1,5
Fam118a,5
Fam120a,5
Fam126a,5
Fam131b,5
Fam13c,5
Fam171b,5
Fam19a3,5
Fam19a5,5
Fam20c,5
Fam213a,5
Fam213b,5
Fam221a,5
Fam227a,5
Fam228a,5
Fam50a,5
Fam89b,5
Fap,5
Far1,5
Fat1,5
Fau,5
Fbf1,5
Fblim1,5
Fbxl16,5
Fbxo2,5
Fbxo34,5
Fbxo38,5
Fbxo41,5
Fbxo44,5
Fbxw17,5
Fcer1g,5
Fcgr4,5
Fcgrt,5
Fcna,5
Fermt3,5
Ffar3,5
Fgd4,5
Fgd5,5
Fgd6,5
Fgf12,5
Fgfr1op2,5
Fhl1,5
Fis1,5
Flrt2,5
Fmn2,5
Fmod,5
Fnbp1l,5
Folr2,5
Foxc1,5
Foxc2,5
Foxg1,5
Fras1,5
Frat1,5
Fsd1,5
Fsd1l,5
Fsd2,5
Fundc1,5
Fxyd6,5
Fyb,5
Fzd6,5
G2e3,5
Gab3,5
Gabarap,5
Gabpb1,5
Gabpb2,5
Gad1,5
Galns,5
Galnt10,5
Galnt2,5
Gamt,5
Gap43,5
Gapvd1,5
Gas2l1,5
Gas6,5
Gbas,5
Gbf1,5
Gbp3,5
Gbp9,5
Gbx2,5
Gcdh,5
Gdap1,5
Gdap1l1,5
Gdi2,5
Gdpd1,5
Gdpd5,5
Gfap,5
Ggact,5
Gjd2,5
Glb1,5
Glmp,5
Gls,5
Glt25d1,5
Gltp,5
Glyr1,5
Gm11346,5
Gm13238,5
Gm16039,5
Gm1673,5
Gm19877,5
Gm46,5
Gm4779,5
Gm4951,5
Gm5088,5
Gm5431,5
Gm5617,5
Gm6377,5
Gm6958,5
Gm8787,5
Gmeb2,5
Gmfg,5
Gnai1,5
Gnao1,5
Gnaq,5
Gnb1,5
Gng3,5
Gng4,5
Gnmt,5
Gnpda1,5
Golga4,5
Gpaa1,5
Gpatch2,5
Gpbp1l1,5
Gpm6a,5
Gpnmb,5
Gpr1,5
Gpr116,5
Gpr137b-ps,5
Gpr153,5
Gpr157,5
Gpr158,5
Gpr176,5
Gpr85,5
Gpr88,5
Gprc5b,5
Gprin1,5
Gpt2,5
Gpx3,5
Gramd1b,5
Grap2,5
Gria1,5
Grid2,5
Grik5,5
Grm5,5
Gsdmc,5
Gsg1l,5
Gstm5,5
Gstm6,5
Gstm7,5
Gtf2ird1,5
Gtpbp10,5
Gucy1a3,5
Gucy1b3,5
Gusb,5
H2afv,5
H2-T22,5
H3f3a,5
Hap1,5
Hars2,5
Hdac1,5
Herc1,5
Herc4,5
Hes5,5
Hey1,5
Hgsnat,5
Hid1,5
Hif1a,5
Hif3a,5
Higd1b,5
Hilpda,5
Hinfp,5
Hip1,5
Hira,5
Hist1h1c,5
Hist1h2ai,5
Hist1h2be,5
Hist2h2be,5
Hmgcs2,5
Hmgxb4,5
Hnrnpa1,5
Hnrnpf,5
Hnrnph2,5
Homer2,5
Homer3,5
Hook3,5
Hoxd1,5
Hpca,5
Hpcal4,5
Hpse,5
Hrc,5
Hrsp12,5
Hs1bp3,5
Hsd17b12,5
Hspb6,5
Hspd1,5
Htr2c,5
Hyal1,5
Hyal2,5
Iars2,5
Ice1,5
Idh1,5
Idh3g,5
Ier3ip1,5
Ifi205,5
Ifi27l2a,5
Ifi30,5
Ifi47,5
Ifit2,5
Ifit3,5
Ifnar2,5
Ifnb1,5
Ift74,5
Ift81,5
Ift88,5
Igf1,5
Igfbp2,5
Igfbp4,5
Igsf21,5
Ik,5
Il17rd,5
Il1r1,5
Il1rn,5
Ilk,5
Impad1,5
Ing1,5
Inpp1,5
Inpp4a,5
Inpp5f,5
Inppl1,5
Insm1,5
Iqgap3,5
Iqsec3,5
Ireb2,5
Irf7,5
Irg1,5
Irgq,5
Irx2,5
Isg15,5
Itfg3,5
Itgb1,5
Itm2a,5
Itm2b,5
Itsn1,5
Izumo1,5
Jag1,5
Jak3,5
Jazf1,5
Josd2,5
Kalrn,5
Kank1,5
Kat6a,5
Katnal1,5
Kcna6,5
Kcnd2,5
Kcne1l,5
Kcng2,5
Kcnh2,5
Kcnk2,5
Kcnmb4,5
Kctd17,5
Kdelc2,5
Kdelr2,5
Kdm2b,5
Khdrbs1,5
Kif13b,5
Kif16b,5
Kif1a,5
Kif1b,5
Kif21a,5
Kif3a,5
Kif5a,5
Kif5c,5
Kifap3,5
Kirrel3,5
Kiz,5
Klc1,5
Klhl6,5
Klhl9,5
Kmt2b,5
Kndc1,5
Kras,5
Krcc1,5
Krr1,5
L3mbtl3,5
Lactb,5
Lama3,5
Lamb2,5
Lamp1,5
Lamp5,5
Lamtor2,5
Larp4,5
Larp6,5
Ldb2,5
Letm1,5
Lgals9,5
Lhpp,5
Limch1,5
Lims2,5
Lipa,5
Lipo1,5
Litaf,5
Lix1,5
Lmln,5
Lmna,5
Lonp2,5
Lonrf1,5
Lor,5
Lphn3,5
Lrig1,5
Lrp12,5
Lrp5,5
Lrp6,5
Lrrc16b,5
Lrrc24,5
Lrrc73,5
Lrrc75b,5
Lrsam1,5
Luzp2,5
Ly6h,5
Lypd1,5
Lysmd4,5
Lyve1,5
Lyz1,5
Lyz2,5
Lzts2,5
Macf1,5
Maea,5
Maf,5
Maff,5
Maged2,5
Mamdc2,5
Man2a1,5
Manba,5
Maneal,5
Map1b,5
Map1lc3b,5
Map2,5
Map3k10,5
Map3k3,5
Map3k7,5
Map3k8,5
Map4k2,5
Map6,5
Map9,5
Mapk1ip1l,5
Mapk8ip1,5
Mapk8ip2,5
Mapk9,5
Mapt,5
Mark3,5
Marveld1,5
Mast1,5
Matn1,5
Matr3,5
Mbd1,5
Mbtps1,5
Mcam,5
Mcc,5
Mcf2l,5
Mcoln1,5
Mcoln3,5
Mea1,5
Med23,5
Meg3,5
Megf6,5
Meis2,5
Metrnl,5
Mettl9,5
Mfsd1,5
Mfsd2a,5
Mgat3,5
Mgat4b,5
Mgl2,5
Mia3,5
Micu1,5
Micu2,5
Mid2,5
Mill2,5
Mknk2,5
Mlh3,5
Mllt11,5
Mmadhc,5
Mmd,5
Mmd2,5
Mmp24,5
Mmp9,5
Mocs2,5
Morf4l1,5
Morn4,5
Mphosph9,5
Mpi,5
Mpnd,5
Mpp1,5
Mpp3,5
Mpped1,5
Mprip,5
Mpv17,5
Mpzl1,5
Mrap,5
Mrc1,5
Mrfap1,5
Mroh1,5
Mrpl9,5
Mrvi1,5
Ms4a6d,5
Ms4a7,5
Msantd4,5
Msh3,5
Msi2,5
Msn,5
Msr1,5
Mt3,5
Mtch1,5
Mtmr2,5
Mtpn,5
Mtr,5
Mvp,5
Mx1,5
Mxd3,5
Mxra8,5
Mybpc1,5
Mycbpap,5
Myh10,5
Myh9,5
Myl12b,5
Myl6,5
Myo7a,5
Myo9a,5
Myof,5
Myt1l,5
Mzt1,5
Nab1,5
Nab2,5
Nacad,5
Nacc2,5
Nagk,5
Nap1l5,5
Napa,5
Naprt,5
Nbas,5
Ncald,5
Ncam1,5
Ncapd3,5
Nceh1,5
Nck1,5
Nckap1,5
Nckap5,5
Ncoa4,5
Ncor1,5
Nde1,5
Ndrg2,5
Neat1,5
Necap2,5
Nedd4l,5
Nefm,5
Nek9,5
Nell1,5
Nemf,5
Neo1,5
Neu1,5
Neurl3,5
Neurod2,5
Nfatc4,5
Nfib,5
Nfic,5
Nfxl1,5
Ngef,5
Nhlrc2,5
Nhsl1,5
Nid2,5
Ninj1,5
Nipa2,5
Nipal2,5
Nipsnap3b,5
Nkain2,5
Nkap,5
Nkx2-1,5
Nkx2-2,5
Nlrc4,5
Nlrp6,5
Nme5,5
Nmrk1,5
Nnat,5
Nol4,5
Nos3,5
Nphp1,5
Npsr1,5
Npy,5
Nr1h2,5
Nr2f1,5
Nr2f2,5
Nrap,5
Nrbf2,5
Nrbp2,5
Nrep,5
Nrn1,5
Nrp1,5
Nrp2,5
Nrros,5
Nrxn2,5
Nsg2,5
Ntm,5
Ntsr1,5
Nudt10,5
Nudt4,5
Nudt9,5
Nup98,5
Nxpe4,5
Nyap1,5
Oas1g,5
Oas2,5
Oasl1,5
Oasl2,5
Oaz2,5
Ociad2,5
Odf2,5
Odf3b,5
Olfm1,5
Olfr24,5
Olfr675,5
Olfr780,5
Olfr915,5
Olfr98,5
Olig1,5
Oplah,5
Optn,5
Osbpl1a,5
Osbpl9,5
Osgin1,5
Osmr,5
Ostf1,5
Otud7a,5
Oxa1l,5
P2rx4,5
P4ha2,5
Pacrg,5
Pacs2,5
Pafah1b3,5
Paip2b,5
Pak2,5
Pak3,5
Palld,5
Pamr1,5
Pank3,5
Pantr1,5
Papd4,5
Paqr4,5
Parn,5
Parp12,5
Parp14,5
Patz1,5
Pbx1,5
Pcca,5
Pcdh12,5
Pcgf6,5
Pcp4l1,5
Pcyox1,5
Pcyt1b,5
Pcyt2,5
Pdcd4,5
Pdcd6ip,5
Pdcl,5
Pddc1,5
Pde1a,5
Pde7a,5
Pde7b,5
Pdgfra,5
Pdia4,5
Pdlim5,5
Pds5a,5
Pdxdc1,5
Pdzd7,5
Pdzk1ip1,5
Pdzrn3,5
Pea15a,5
Pepd,5
Per1,5
Pex7,5
Pf4,5
Pfdn5,5
Pgbd5,5
Pglyrp3,5
Pgm2l1,5
Pgpep1,5
Phf20,5
Phf3,5
Phka2,5
Pias1,5
Pigq,5
Pigz,5
Pkia,5
Pkib,5
Pkp4,5
Pla2g4d,5
Pla2g7,5
Plat,5
Plaur,5
Pldi,5
Plekhb1,5
Plekhb2,5
Plekhg5,5
Plekho2,5
Plin2,5
Pltp,5
Pnck,5
Pnma2,5
Pnma3,5
Poc1b,5
Podxl2,5
Pofut2,5
Pogk,5
Polr3d,5
Ppbp,5
Ppfia3,5
Ppm1a,5
Ppm1b,5
Ppm1h,5
Ppp1r12a,5
Ppp1r12b,5
Ppp1r1a,5
Ppp1r3c,5
Ppp2r2b,5
Ppp2r2c,5
Ppp6r2,5
Prdm2,5
Prdm4,5
Prdx3,5
Prickle1,5
Prickle2,5
Prkacb,5
Prkcdbp,5
Prkcsh,5
Prkdc,5
Prkg1,5
Prkra,5
Prmt8,5
Prnp,5
Prosc,5
Prox1,5
Prrg1,5
Prrt4,5
Prune2,5
Psd2,5
Psd3,5
Psmb8,5
Psmd5,5
Psme1,5
Ptgds,5
Ptn,5
Ptplad2,5
Ptprk,5
Purb,5
Pwwp2b,5
Pxdc1,5
Pydc4,5
Pygl,5
Pygm,5
Pyroxd1,5
Qdpr,5
Qpct,5
Qsox1,5
R3hcc1l,5
Rab11a,5
Rab11fip5,5
Rab13,5
Rab15,5
Rab1b,5
Rab29,5
Rab2a,5
Rab31,5
Rab33a,5
Rab36,5
Rab3gap2,5
Rab40b,5
Rab5b,5
Rab6a,5
Rab8b,5
Rab9b,5
Rabgap1,5
Rabl2,5
Rac2,5
Rac3,5
Rad23a,5
Rad51ap1,5
Ralgds,5
Ralyl,5
Ranbp9,5
Rap2b,5
Rap2c,5
Rapgef6,5
Rapsn,5
Rasa1,5
Rasa2,5
Rasgef1b,5
Rasl10b,5
Rassf2,5
Raver2,5
Rb1cc1,5
Rbbp5,5
Rbfox3,5
Rbl2,5
Rbm25,5
Rbm3,5
Rbp1,5
Rce1,5
Rdm1,5
Reep3,5
Reep4,5
Rell1,5
Reln,5
Renbp,5
Retsat,5
Rev3l,5
Rftn2,5
Rfx4,5
Rgs12,5
Rgs17,5
Rgs3,5
Rgs4,5
Rgs5,5
Rgs7,5
Rgs7bp,5
Rhoa,5
Rhobtb1,5
Rhoc,5
Rhoj,5
Rif1,5
Rilp,5
Rimbp2,5
Rimkla,5
Riok3,5
Rit2,5
Rlbp1,5
Rmdn3,5
Rn18s,5
Rnase2a,5
Rnd2,5
Rnd3,5
Rnf114,5
Rnf138,5
Rnf14,5
Rnf150,5
Rnf165,5
Rnf169,5
Rnf185,5
Rnf19a,5
Rnf208,5
Rnf4,5
Rnf40,5
Rnf5,5
Rngtt,5
Robo2,5
Robo3,5
Rock1,5
Rph3a,5
Rpl7,5
Rprm,5
Rps10,5
Rps15,5
Rps16,5
Rps6kl1,5
Rps9,5
Rragc,5
Rragd,5
Rtcb,5
Rtf1,5
Rtkn,5
Rtn1,5
Rtn3,5
Rufy1,5
Rufy3,5
Rundc3b,5
Runx1,5
Rusc2,5
Rybp,5
Ryr2,5
S100a1,5
S1pr2,5
Sacm1l,5
Samd14,5
Samd4,5
Samd4b,5
Satb2,5
Sav1,5
Sbk1,5
Scarf1,5
Sccpdh,5
Scd1,5
Scd2,5
Scgb2b24,5
Scly,5
Scmh1,5
Scn2b,5
Scn3b,5
Scp2,5
Sdc4,5
Sdhc,5
Sec23a,5
Sec24b,5
Sec61a2,5
Sec63,5
Selenbp1,5
Sema4a,5
Senp7,5
Sepn1,5
Sepp1,5
Serhl,5
Serp1,5
Serp2,5
Serpinb6a,5
Sesn1,5
Sestd1,5
Setd2,5
Setdb1,5
Sez6l,5
Sfmbt1,5
Sfrp1,5
Sft2d3,5
Sfxn3,5
Sgms1,5
Sgpp1,5
Sgsm1,5
Sh3bgrl2,5
Sh3bp5l,5
Sh3gl1,5
Sh3gl2,5
Sh3pxd2a,5
Sh3rf3,5
Shank3,5
Shd,5
She,5
Shisa2,5
Shprh,5
Siglec1,5
Sirt2,5
Ski,5
Slc10a6,5
Slc11a2,5
Slc14a1,5
Slc15a2,5
Slc17a5,5
Slc17a6,5
Slc1a1,5
Slc22a23,5
Slc22a6,5
Slc25a30,5
Slc25a36,5
Slc25a38,5
Slc25a39,5
Slc27a1,5
Slc29a4,5
Slc30a10,5
Slc30a5,5
Slc31a1,5
Slc32a1,5
Slc35b3,5
Slc35c2,5
Slc35f1,5
Slc38a1,5
Slc38a3,5
Slc38a5,5
Slc38a6,5
Slc38a7,5
Slc39a11,5
Slc39a3,5
Slc40a1,5
Slc43a2,5
Slc45a4,5
Slc4a3,5
Slc4a8,5
Slc6a11,5
Slc6a15,5
Slc6a6,5
Slc7a10,5
Slc9a9,5
Slco1c1,5
Slmap,5
Slx4,5
Smagp,5
Smarca2,5
Smchd1,5
Smim1,5
Smim15,5
Smim7,5
Smpd3,5
Snap23,5
Sncb,5
Snhg11,5
Snhg18,5
Snhg5,5
Snrk,5
Snrnp70,5
Sntb2,5
Snx21,5
Snx3,5
Snx30,5
Snx6,5
Snx8,5
Snx9,5
Soat1,5
Sobp,5
Soga3,5
Sord,5
Sox10,5
Sox5,5
Sox9,5
Sp100,5
Sp5,5
Spaca4,5
Spag6,5
Spag9,5
Sparcl1,5
Spats2l,5
Speer3,5
Spef1,5
Spen,5
Spg21,5
Spic,5
Spin1,5
Spire1,5
Spire2,5
Spns1,5
Spp1,5
Sppl2a,5
Sptbn1,5
Sptbn2,5
Sptlc1,5
Sqstm1,5
Srd5a1,5
Srd5a3,5
Srgap1,5
Srl,5
Srpk2,5
Srsf5,5
Srxn1,5
Ssr2,5
Ssr3,5
Sst,5
St6gal1,5
St6galnac4,5
Stab1,5
Stag2,5
Stag3,5
Stard8,5
Stat1,5
Stat2,5
Stk19,5
Stk3,5
Stk32b,5
Stk36,5
Stmn2,5
Stmn3,5
Stmn4,5
Strip1,5
Strn4,5
Stxbp2,5
Styx,5
Sulf2,5
Sult4a1,5
Sumo2,5
Sumo3,5
Susd4,5
Svil,5
Svop,5
Syap1,5
Sybu,5
Syce1l,5
Syn1,5
Syngr3,5
Sypl,5
Syt11,5
Syt16,5
Syt4,5
Tab2,5
Taf2,5
Tagln3,5
Tank,5
Taok1,5
Tarsl2,5
Tax1bp3,5
Tbata,5
Tbc1d15,5
Tbc1d16,5
Tbc1d20,5
Tbc1d22a,5
Tbc1d4,5
Tbc1d9b,5
Tbcb,5
Tbk1,5
Tbr1,5
Tbx3,5
Tbxa2r,5
Tceal5,5
Tceal6,5
Tceanc2,5
Tceb3,5
Tdrd3,5
Tdrkh,5
Tecta,5
Tekt1,5
Ten1,5
Tenm3,5
Tex264,5
Tfap2b,5
Tfdp2,5
Tgfb1,5
Tgfbi,5
Tgfbrap1,5
Thoc1,5
Thra,5
Tial1,5
Ticam2,5
Timm21,5
Tjap1,5
Tlk1,5
Tln2,5
Tlr8,5
Tm2d2,5
Tm7sf3,5
Tmc8,5
Tmem106a,5
Tmem130,5
Tmem141,5
Tmem144,5
Tmem158,5
Tmem179,5
Tmem181a,5
Tmem191c,5
Tmem206,5
Tmem255a,5
Tmem28,5
Tmem53,5
Tmem57,5
Tmem60,5
Tmem82,5
Tmem87b,5
Tmem9,5
Tmod2,5
Tnc,5
Tnfrsf11a,5
Tnfrsf19,5
Tnfsf18,5
Tnip1,5
Tnk2,5
Tnks,5
Tnks2,5
Toe1,5
Tollip,5
Top1,5
Tpcn2,5
Tpm3,5
Tpp1,5
Tpsab1,5
Tra2b,5
Traf6,5
Trak1,5
Trappc10,5
Trappc11,5
Trib2,5
Tril,5
Trim30a,5
Trim47,5
Trim9,5
Trnp1,5
Trp53inp2,5
Trpc6,5
Trpv4,5
Tsc22d1,5
Tsc22d2,5
Tshz2,5
Tsku,5
Tspyl1,5
Ttc14,5
Ttc3,5
Ttc30b,5
Ttc33,5
Ttc37,5
Ttc9b,5
Ttyh1,5
Ttyh2,5
Ttyh3,5
Tuba1a,5
Tubb4a,5
Tubg2,5
Tuft1,5
Tunar,5
Twf1,5
Twsg1,5
Txlna,5
Txlnb,5
Tyrp1,5
U2surp,5
Uap1l1,5
Uba3,5
Ube2e3,5
Ube2g1,5
Ube2ql1,5
Ubr5,5
Uchl1,5
Ugcg,5
Ugt1a1,5
Ugt8a,5
Ulbp1,5
Unc45a,5
Unc5b,5
Upf3a,5
Use1,5
Usp20,5
Usp29,5
Usp53,5
Usp7,5
Usp9x,5
Uxs1,5
Vamp8,5
Vat1,5
Vat1l,5
Vcam1,5
Vmn2r78,5
Vmp1,5
Vnn3,5
Vopp1,5
Vps13b,5
Vps16,5
Vps33a,5
Vps35,5
Vps8,5
Vsnl1,5
Vstm2l,5
Vwa8,5
Wapal,5
Wasf2,5
Wasl,5
Wbp5,5
Wbscr27,5
Wdr11,5
Wdr20,5
Wdr6,5
Wdr7,5
Wdr83os,5
Wdr91,5
Wfikkn1,5
Wipf3,5
Wipi1,5
Wnt7b,5
Wsb2,5
Wtip,5
Wwc1,5
Wwp1,5
Wwp2,5
Xpot,5
Xylt2,5
Yme1l1,5
Ypel1,5
Yy2,5
Zbtb3,5
Zbtb8a,5
Zc3h12a,5
Zc4h2,5
Zcchc18,5
Zcchc24,5
Zcchc6,5
Zcchc8,5
Zdbf2,5
Zdhhc14,5
Zfand6,5
Zfa-ps,5
Zfc3h1,5
Zfml,5
Zfp207,5
Zfp251,5
Zfp280d,5
Zfp330,5
Zfp335,5
Zfp36l1,5
Zfp397,5
Zfp407,5
Zfp410,5
Zfp457,5
Zfp507,5
Zfp57,5
Zfp655,5
Zfp664,5
Zfp703,5
Zfp704,5
Zfp775,5
Zfp821,5
Zfp941,5
Zfpm2,5
Zfyve16,5
Zfyve26,5
Zg16,5
Zic1,5
Zic4,5
Zmiz2,5
Zmym4,5
Znhit6,5
Zscan2,5
Zxdc,5
Zzz3,5
42430,6
42436,6
0610040J01Rik,6
1110059G10Rik,6
1500026H17Rik,6
1600012H06Rik,6
1600014C10Rik,6
1700001C19Rik,6
1700003F12Rik,6
1700003H04Rik,6
1700011I03Rik,6
1700020D05Rik,6
1700029J07Rik,6
1700049G17Rik,6
1700084E18Rik,6
1700093K21Rik,6
1700102P08Rik,6
1700110I01Rik,6
1810011H11Rik,6
2210018M11Rik,6
2310035C23Rik,6
2410006H16Rik,6
2510009E07Rik,6
2510039O18Rik,6
2610005L07Rik,6
2610035D17Rik,6
2700046G09Rik,6
2810055G20Rik,6
2900060B14Rik,6
2900092C05Rik,6
3110021A11Rik,6
4631423B10Rik,6
4632428N05Rik,6
4930471G03Rik,6
4930483J18Rik,6
4930487H11Rik,6
4930518I15Rik,6
4930544L04Rik,6
4930555G01Rik,6
4930562A09Rik,6
4930563E22Rik,6
4931440F15Rik,6
4932413F04Rik,6
4932429P05Rik,6
4932438A13Rik,6
4933426M11Rik,6
4933439C10Rik,6
5031414D18Rik,6
5031434O11Rik,6
5330432E05Rik,6
5430405H02Rik,6
5430427O19Rik,6
6030468B19Rik,6
6330416G13Rik,6
6820431F20Rik,6
9030617O03Rik,6
9130209A04Rik,6
9430008C03Rik,6
9430015G10Rik,6
9930111J21Rik2,6
A130040M12Rik,6
A230050P20Rik,6
A330017A19Rik,6
A530088E08Rik,6
A630001G21Rik,6
A730020E08Rik,6
A730045E13Rik,6
A830082N09Rik,6
A930002H24Rik,6
Aatk,6
Abca3,6
Abca9,6
Abcb4,6
Abcb9,6
Abcc10,6
Abcc3,6
Abcd1,6
Abcd2,6
Abcg1,6
Abhd12,6
Abhd16a,6
Abhd3,6
Abhd4,6
Abi1,6
Abtb1,6
Acap2,6
Accs,6
Acin1,6
Acox3,6
Acp2,6
Acp6,6
Acrbp,6
Acvr1,6
Acvr2b,6
Adam17,6
Adam4,6
Adamts1,6
Adamts6,6
Adarb1,6
Adcy6,6
Adcy7,6
Add1,6
Adipor1,6
Adm,6
Adnp,6
Adnp2,6
Adora3,6
Adprm,6
Adrb1,6
Adrb2,6
Adrbk2,6
Adtrp,6
Afmid,6
Aftph,6
Ago3,6
Ago4,6
Agpat3,6
Agrn,6
AI837181,6
Aif1,6
Ak1,6
Akap11,6
Akap8l,6
Akna,6
Akr1b10,6
Alas1,6
Alas2,6
Aldh3a2,6
Alg1,6
Alg5,6
Alk,6
Alox12,6
Alox5ap,6
Amfr,6
Amigo1,6
Amotl1,6
Ampd3,6
Ang,6
Angel2,6
Angptl7,6
Ank,6
Ank2,6
Ankhd1,6
Ankle2,6
Ankra2,6
Ankrd10,6
Ankrd12,6
Ankrd13a,6
Ankrd13d,6
Ankrd39,6
Ankrd61,6
Anks3,6
Anks6,6
Ankzf1,6
Anxa3,6
Ap3m2,6
Ap4e1,6
Ap5s1,6
Apbb2,6
Apbb3,6
Apc,6
App,6
Appl2,6
Arap3,6
Arel1,6
Arglu1,6
Arhgap12,6
Arhgap17,6
Arhgap22,6
Arhgap24,6
Arhgap27,6
Arhgap32,6
Arhgap4,6
Arhgef1,6
Arhgef4,6
Arid4a,6
Arih1,6
Arl4c,6
Arl5a,6
Arl5c,6
Arl8b,6
Armc3,6
Armcx3,6
Armcx5,6
Armcx6,6
Arntl,6
Arsa,6
Arsg,6
As3mt,6
Asah1,6
Asah2,6
Asap3,6
Asb13,6
Asph,6
Atad1,6
Atf2,6
Atf3,6
Atf4,6
Atf7,6
Atg5,6
Atn1,6
Atp11a,6
Atp11c,6
Atp13a1,6
Atp2c1,6
Atp6ap1,6
Atp6v0a2,6
Atp8a1,6
Atp8b1,6
Atp9b,6
Atxn2,6
Atxn7,6
AU040320,6
Aup1,6
AW549877,6
AW554918,6
B130006D01Rik,6
B230219D22Rik,6
B230317F23Rik,6
B2m,6
B3galt4,6
B3galt5,6
B3gnt1,6
B430010I23Rik,6
B4galt3,6
B930041F14Rik,6
Bach2,6
Baiap2l2,6
Bbc3,6
Bbs4,6
Bbs9,6
BC017643,6
BC018473,6
BC028528,6
BC037034,6
BC051142,6
BC068281,6
Bcas3,6
Bco2,6
Bcor,6
Bend6,6
Bet1l,6
Bicd2,6
Bin1,6
Birc2,6
Blnk,6
Bmf,6
Bmi1,6
Bmp1,6
Bmp8a,6
Bmpr2,6
Bnip3l,6
Bod1l,6
Brat1,6
Brd9,6
Brf1,6
Brox,6
Brwd1,6
Bsdc1,6
Btbd19,6
Btbd6,6
Btg1,6
C1qa,6
C1qb,6
C1qc,6
C2cd3,6
C87436,6
Cables1,6
Cables2,6
Cacna1d,6
Cacna1s,6
Cacng5,6
Cadm1,6
Calm2,6
Camk1,6
Camk2g,6
Camk2n1,6
Camkk1,6
Caml,6
Camsap1,6
Camsap2,6
Camta2,6
Cant1,6
Capn3,6
Capn7,6
Capns2,6
Car11,6
Car5a,6
Card6,6
Casc3,6
Cask,6
Casp4,6
Cass4,6
Cbr1,6
Cbr3,6
Cbx7,6
Ccdc107,6
Ccdc144b,6
Ccdc162,6
Ccdc176,6
Ccdc47,6
Ccdc62,6
Ccdc84,6
Ccdc93,6
Ccl27a,6
Ccndbp1,6
Ccng2,6
Ccnl1,6
Ccr1l1,6
Ccr5,6
Cd14,6
Cd151,6
Cd164,6
Cd209c,6
Cd22,6
Cd274,6
Cd276,6
Cd33,6
Cd37,6
Cd53,6
Cd68,6
Cd72,6
Cd80,6
Cd81,6
Cd82,6
Cd83,6
Cd84,6
Cd86,6
Cd9,6
Cdadc1,6
Cdh23,6
Cdipt,6
Cdk10,6
Cdk19,6
Cdk3-ps,6
Cdk5,6
Cdk5r1,6
Cdk9,6
Cds1,6
Ceacam1,6
Cebpa,6
Cebpd,6
Cebpg,6
Cep152,6
Cep170,6
Cep41,6
Cep63,6
Cep95,6
Cept1,6
Cerk,6
Cers2,6
Cers4,6
Cfap74,6
Chd2,6
Chd6,6
Chka,6
Chkb,6
Chm,6
Chmp1b,6
Chmp7,6
Chst1,6
Chst3,6
Chst7,6
Chuk,6
Ciart,6
Cib2,6
Clasp2,6
Clasrp,6
Clcf1,6
Clcn4-2,6
Clcn7,6
Cldn23,6
Cldn7,6
Clec4a3,6
Clec5a,6
Clgn,6
Clip2,6
Clk1,6
Clk2,6
Clk4,6
Clock,6
Cluap1,6
Cmtm3,6
Cmtm6,6
Cmtm8,6
Cmya5,6
Cnga4,6
Cnot4,6
Cnot6l,6
Cnr2,6
Cntn5,6
Coasy,6
Cog1,6
Cog3,6
Col27a1,6
Col6a3,6
Commd8,6
Comp,6
Comt,6
Cpeb2,6
Cpsf7,6
Cr1l,6
Cracr2b,6
Crat,6
Crbn,6
Creb3,6
Creb3l2,6
Creb5,6
Crebl2,6
Crkl,6
Crybb1,6
Csad,6
Csf1,6
Csf1r,6
Csf2rb2,6
Csf3r,6
Csgalnact1,6
Csmd3,6
Csnk1e,6
Csrnp2,6
Cst3,6
Ctbp2,6
Ctc1,6
Ctcflos,6
Ctnnd2,6
Ctns,6
Ctsd,6
Ctsf,6
Ctsh,6
Ctsl,6
Ctso,6
Ctss,6
Ctsz,6
Cttnbp2nl,6
Cul9,6
Cxcl16,6
Cyb561a3,6
Cyb561d1,6
Cyfip1,6
Cyhr1,6
Cyld,6
Cyp24a1,6
Cyp27a1,6
Cyp4f13,6
Cyp4v3,6
Cysltr1,6
Cyth3,6
Cyth4,6
D030028A08Rik,6
D3Ertd751e,6
D5Ertd579e,6
D6Wsu163e,6
D830030K20Rik,6
D8Ertd82e,6
Daam1,6
Daglb,6
Dalrd3,6
Dbndd2,6
Dbnl,6
Dbp,6
Dbx2,6
Dcaf17,6
Dcp1b,6
Dctn2,6
Dctn5,6
Ddb2,6
Ddhd2,6
Ddo,6
Ddrgk1,6
Ddx26b,6
Ddx31,6
Ddx3y,6
Ddx5,6
Ddx58,6
Dennd1c,6
Dennd4a,6
Dennd4b,6
Dennd4c,6
Dennd5a,6
Dennd6a,6
Dennd6b,6
Dgka,6
Dgkq,6
Dhrs7,6
Dhrs7b,6
Dhx34,6
Diexf,6
Dip2b,6
Dirc2,6
Dlg3,6
Dlgap4,6
Dmtf1,6
Dnaja4,6
Dnajb12,6
Dnajb2,6
Dnajc28,6
Dnajc7,6
Dnase1l2,6
Dock10,6
Dock4,6
Dock8,6
Dock9,6
Dpy19l4,6
Dram2,6
Dtx3,6
Dtx4,6
Dusp16,6
Dusp6,6
Dvl1,6
Dync1li2,6
Dyrk2,6
Dyrk4,6
E030019B06Rik,6
E130102H24Rik,6
E230008O15Rik,6
E230015B07Rik,6
E4f1,6
Ebf3,6
Edem2,6
Edn1,6
Eepd1,6
Efcab14,6
Eif4a2,6
Elac1,6
Elavl4,6
Elk3,6
Ell,6
Elmo1,6
Emc10,6
Emc3,6
Emc9,6
Enc1,6
Enpp4,6
Enpp6,6
Entpd1,6
Entpd4,6
Epb4.1l2,6
Epc1,6
Ephx1,6
Eps8l1,6
Epsti1,6
Erbb2ip,6
Ercc5,6
Ergic3,6
Erlec1,6
Ermard,6
Ern2,6
Ero1lb,6
Errfi1,6
Eva1a,6
Evi2a,6
Evi5,6
Exd2,6
Extl3,6
F11r,6
F9,6
Faf2,6
Fam102b,6
Fam117b,6
Fam120b,6
Fam126b,6
Fam131a,6
Fam134b,6
Fam13b,6
Fam160a2,6
Fam160b1,6
Fam167a,6
Fam167b,6
Fam175b,6
Fam179b,6
Fam193b,6
Fam199x,6
Fam208a,6
Fam208b,6
Fam210b,6
Fam214a,6
Fam214b,6
Fam26f,6
Fam3a,6
Fam3c,6
Fam45a,6
Fam46a,6
Fam46c,6
Fam49b,6
Fam76b,6
Farp2,6
Fbrsl1,6
Fbxl12,6
Fbxl3,6
Fbxl4,6
Fbxl5,6
Fbxo10,6
Fbxo11,6
Fbxo32,6
Fbxo4,6
Fbxo7,6
Fbxo8,6
Fbxo9,6
Fbxw13,6
Fbxw4,6
Fbxw5,6
Fcer2a,6
Fcgr1,6
Fcgr2b,6
Fcgr3,6
Fcho2,6
Fchsd1,6
Fchsd2,6
Fcrl1,6
Fcrls,6
Fezf2,6
Fgd2,6
Fgfrl1,6
Fhit,6
Fhod1,6
Filip1l,6
Firre,6
Fkbp14,6
Fkbp7,6
Fktn,6
Flcn,6
Fmnl2,6
Fmnl3,6
Fmo5,6
Fnbp1,6
Fnbp4,6
Fndc3b,6
Fnip1,6
Foxj2,6
Foxj3,6
Foxp2,6
Frmd4a,6
Frmpd3,6
Frrs1,6
Frs3,6
Fry,6
Fryl,6
Fuk,6
Fzd7,6
G6pc3,6
Gaa,6
Gab1,6
Gab2,6
Gadd45a,6
Gadd45b,6
Gadd45g,6
Gal3st4,6
Galnt1,6
Galnt11,6
Galt,6
Ganc,6
Garnl3,6
Gba,6
Gbgt1,6
Gcnt1,6
Gde1,6
Gdf15,6
Gdi1,6
Gdpd3,6
Gfpt1,6
Ggnbp1,6
Ggt5,6
Ghsr,6
Gimap6,6
Gimap8,6
Gimap9,6
Ginm1,6
Git2,6
Gja5,6
Glt8d1,6
Gltscr1l,6
Gm10010,6
Gm10845,6
Gm11696,6
Gm11772,6
Gm12942,6
Gm13034,6
Gm13084,6
Gm13154,6
Gm14762,6
Gm16897,6
Gm1821,6
Gm19757,6
Gm20030,6
Gm20117,6
Gm20340,6
Gm2a,6
Gm3002,6
Gm3662,6
Gm3893,6
Gm4392,6
Gm4532,6
Gm4788,6
Gm4980,6
Gm5113,6
Gm5129,6
Gm5258,6
Gm5468,6
Gm5512,6
Gm5785,6
Gm5796,6
Gm5797,6
Gm608,6
Gm6225,6
Gm7337,6
Gm7339,6
Gm7609,6
Gm904,6
Gm9796,6
Gmppa,6
Gna11,6
Gna15,6
Gnal,6
Gng10,6
Gng7,6
Gnptg,6
Gns,6
Golga1,6
Golm1,6
Gp9,6
Gpbp1,6
Gpc2,6
Gpcpd1,6
Gpr107,6
Gpr108,6
Gpr137,6
Gpr137b,6
Gpr146,6
Gpr155,6
Gpr160,6
Gpr162,6
Gpr183,6
Gpr34,6
Gpr83,6
Gpr84,6
Gprasp2,6
Gps2,6
Gpsm1,6
Gpx6,6
Gramd1a,6
Grcc10,6
Grina,6
Gripap1,6
Grn,6
Gsdmc2,6
Gsdmd,6
Gse1,6
Gsg1,6
Gsto2,6
Gtdc1,6
Gtf2h2,6
Gtf2ird2,6
Gtpbp2,6
H13,6
H2-DMa,6
H2-DMb1,6
H2-DMb2,6
H2-Ke6,6
H2-M2,6
H2-M3,6
H2-Oa,6
H2-Ob,6
H2-T23,6
H3f3b,6
Hagh,6
Havcr2,6
Hbb-bs,6
Hbb-bt,6
Hbegf,6
Hbp1,6
Hcrt,6
Hdac10,6
Hdac11,6
Heca,6
Herc2,6
Hexa,6
Hexb,6
Hexdc,6
Hfe,6
Hhex,6
Hist1h2ac,6
Hist1h2bg,6
Hist2h2aa1,6
Hist3h2a,6
Hk2,6
Hk3,6
Hmbox1,6
Hmces,6
Hmg20a,6
Hmga2-ps1,6
Hmha1,6
Hnrnpdl,6
Hnrnph1,6
Hpgd,6
Hpgds,6
Hps3,6
Hps4,6
Hrh2,6
Hs6st1,6
Hsbp1,6
Hsd17b1,6
Hsd17b4,6
Hsd3b7,6
Hsf2bp,6
Hspa1a,6
Hspa1b,6
Hspb1,6
Hvcn1,6
Hyal3,6
Hykk,6
Icam1,6
Icosl,6
Idi2,6
Ids,6
Ifi27,6
Ifitm10,6
Ifngr1,6
Ifngr2,6
Ift140,6
Ift172,6
Igbp1,6
Igll1,6
Igtp,6
Ikbkg,6
Il10ra,6
Il10rb,6
Il13ra1,6
Il15,6
Il16,6
Il18,6
Il1a,6
Il21r,6
Il27,6
Il6st,6
Il7r,6
Ilvbl,6
Impact,6
Inafm1,6
Inhba,6
Inpp4b,6
Inpp5d,6
Inpp5k,6
Insig2,6
Ip6k1,6
Ipcef1,6
Iqce,6
Iqsec2,6
Irak1,6
Irak2,6
Irf1,6
Irf5,6
Irf9,6
Irgm1,6
Iscu,6
Itch,6
Itga9,6
Itgae,6
Itgav,6
Itgax,6
Itgb5,6
Itpr2,6
Itpripl1,6
Ivns1abp,6
Jag2,6
Jak2,6
Jakmip1,6
Jam2,6
Jkamp,6
Jmjd8,6
Jph3,6
Jun,6
Junb,6
Jund,6
Jup,6
Kansl1l,6
Kansl2,6
Kat2b,6
Kat6b,6
Kat8,6
Kbtbd2,6
Kcnd1,6
Kcnip3,6
Kcnk13,6
Kcnk3,6
Kcnma1,6
Kcnrg,6
Kcp,6
Kctd12,6
Kctd2,6
Kctd21,6
Kctd6,6
Kdelc1,6
Kdm3a,6
Kdm4b,6
Kdm5b,6
Kdm7a,6
Kdsr,6
Khdrbs3,6
Khk,6
Khnyn,6
Kidins220,6
Kif3b,6
Kif9,6
Klf12,6
Klf2,6
Klf4,6
Klf7,6
Klhdc1,6
Klhdc8b,6
Klhl17,6
Klhl22,6
Klhl24,6
Klhl25,6
Klhl35,6
Klhl5,6
Klhl7,6
Klrk1,6
Kmt2a,6
Kmt2e,6
Krba1,6
Kri1,6
Krit1,6
Krt75,6
Krtcap3,6
Lacc1,6
Lag3,6
Lair1,6
Lamp2,6
Lamtor4,6
Lancl1,6
Laptm5,6
Large,6
Lbx2,6
Ldb1,6
Ldhb,6
Lefty1,6
Lemd2,6
Leprel1,6
Leprel2,6
Leprot,6
Leprotl1,6
Letm2,6
Letmd1,6
Lgals3bp,6
Lgals8,6
Lgmn,6
Lhfpl2,6
Lhfpl3,6
Lhx4,6
Lime1,6
Liph,6
Lipn,6
Lman2l,6
Lmf1,6
Lmo2,6
Lonrf3,6
Lpar6,6
Lpcat2,6
Lpxn,6
Lrba,6
Lrch1,6
Lrfn3,6
Lrif1,6
Lrig3,6
Lrp10,6
Lrrc27,6
Lrrc3,6
Lrrc39,6
Lrrc45,6
Lrrc57,6
Lrrfip2,6
Ltbp4,6
Ltc4s,6
Ly6e,6
Ly6g6e,6
Ly86,6
Ly96,6
Lyl1,6
Lypd6,6
Lyzl4,6
Lztr1,6
M6pr,6
Madd,6
Mag,6
Maml2,6
Maml3,6
Man1a,6
Man1b1,6
Man1c1,6
Man2a2,6
Man2b1,6
Man2b2,6
Man2c1,6
Manea,6
Map1lc3a,6
Map3k14,6
Map3k5,6
Map4k3,6
Mapk14,6
Mapk1ip1,6
Marcks,6
Marco,6
Mast3,6
Matk,6
Mau2,6
Mblac2,6
Mbnl1,6
Mbnl2,6
Mboat7,6
Mbtps2,6
Mcfd2,6
Mdc1,6
Mecp2,6
Med12,6
Med15,6
Med22,6
Med7,6
Mef2a,6
Megf8,6
Meis3,6
Mertk,6
Metap1d,6
Mettl17,6
Mfap1b,6
Mfap3,6
Mfhas1,6
Mfsd11,6
Mfsd5,6
Mfsd8,6
Mgat4a,6
Mgll,6
Mgrn1,6
Mib2,6
Micall1,6
Mief2,6
Mif4gd,6
Mknk1,6
Mkrn1,6
Mks1,6
Mlxipl,6
Mmp11,6
Mmp14,6
Mmp2,6
Mms19,6
Mon2,6
Morc3,6
Mpeg1,6
Mpv17l,6
Mras,6
Msl1,6
Msrb2,6
Mtdh,6
Mterf3,6
Mtmr10,6
Mtx3,6
Mvb12b,6
Myadml2,6
Mycl,6
Myl2,6
Myo18a,6
Myo18b,6
Myo1b,6
Myo1c,6
Myo1e,6
Myo6,6
Myocd,6
Mysm1,6
Mzt2,6
N4bp2l1,6
Naa35,6
Naga,6
Nagpa,6
Naip2,6
Naip5,6
Naip7,6
Napg,6
Nat1,6
Natd1,6
Nav1,6
Nav3,6
Nbea,6
Nbr1,6
Ncf1,6
Nckap1l,6
Nckap5l,6
Ncoa1,6
Ncstn,6
Ndfip1,6
Ndrg3,6
Negr1,6
Nek1,6
Nek3,6
Neurl1a,6
Neurl4,6
Nfam1,6
Nfia,6
Nfix,6
Nfkb1,6
Nfkbia,6
Nfkbie,6
Nfrkb,6
Nfx1,6
Nfya,6
Nipa1,6
Nipal1,6
Nipal4,6
Nipbl,6
Nlrc5,6
Nlrp14,6
Nlrp1a,6
Nod1,6
Nos1ap,6
Notch4,6
Noxo1,6
Npc1,6
Npy1r,6
Nr1d1,6
Nr1d2,6
Nradd,6
Nrarp,6
Nrp,6
Nsmaf,6
Nsmf,6
Ntn3,6
Ntpcr,6
Nuak1,6
Nuak2,6
Nucb1,6
Nudcd3,6
Nudt16,6
Numb,6
Nupl1,6
Nxf1,6
Nxt2,6
Ociad1,6
Odf2l,6
Ogfrl1,6
Ogt,6
Olfml2b,6
Olfml3,6
Olfr1029,6
Olfr1152,6
Olfr1220,6
Olfr920,6
Olfr943,6
Oma1,6
Onecut2,6
Ophn1,6
Ormdl3,6
Os9,6
Oscp1,6
Osm,6
Ostm1,6
Oxct1,6
P2rx7,6
P2ry12,6
P2ry13,6
P2ry6,6
Pabpc2,6
Pacs1,6
Pacsin1,6
Padi2,6
Pag1,6
Pald1,6
Pan2,6
Pank4,6
Papss1,6
Paqr5,6
Paqr7,6
Parp10,6
Parp16,6
Parp6,6
Parp8,6
Parvg,6
Paxbp1,6
Pbp2,6
Pbx4,6
Pcdhga1,6
Pcdhga4,6
Pcdhga8,6
Pcdhgb2,6
Pced1a,6
Pcmtd1,6
Pcolce2,6
Pde1b,6
Pde2a,6
Pdgfb,6
Pdk1,6
Pdlim4,6
Pdzrn4,6
Pear1,6
Peg13,6
Peli1,6
Peli2,6
Pex3,6
Pfkfb2,6
Pfkfb3,6
Pfkfb4,6
Pgm5,6
Pgrmc2,6
Phc3,6
Phf11d,6
Phf20l1,6
Phip,6
Phlda1,6
Phtf1os,6
Phxr4,6
Phyhd1,6
Pias3,6
Pibf1,6
Pigk,6
Pigu,6
Pik3ap1,6
Pik3c2a,6
Pik3ca,6
Pik3cg,6
Pik3r1,6
Pik3r6,6
Pim2,6
Pink1,6
Pip4k2a,6
Pip5k1c,6
Pisd-ps2,6
Pitpnm1,6
Pkd2,6
Pkdcc,6
Pkn1,6
Pla2g15,6
Pla2g4b,6
Plcb2,6
Plcb3,6
Plcd1,6
Plcl2,6
Pld1,6
Pld3,6
Pld4,6
Plekha1,6
Plekha2,6
Plekhf2,6
Plekhm2,6
Plgrkt,6
Plod3,6
Plxdc1,6
Plxdc2,6
Plxnb2,6
Pmepa1,6
Pmis2,6
Pmp22,6
Pnisr,6
Pnma1,6
Pnpla2,6
Pnpla7,6
Pnpla8,6
Pnrc2,6
Pofut1,6
Poglut1,6
Pogz,6
Pold4,6
Polg,6
Poli,6
Polr3a,6
Pon2,6
Pon3,6
Porcn,6
Pou2f2,6
Pou5f2,6
Pou6f1,6
Ppap2a,6
Ppapdc2,6
Ppapdc3,6
Ppargc1b,6
Ppcdc,6
Ppfia4,6
Ppfibp2,6
Ppm1e,6
Ppm1l,6
Ppnr,6
Ppox,6
Ppp1r15a,6
Ppp1r1b,6
Ppp1r26,6
Ppp1r3d,6
Ppp1r9a,6
Ppp2r1b,6
Ppp2r3a,6
Ppp2r3d,6
Ppp4r1l-ps,6
Ppt1,6
Prcp,6
Prex1,6
Prf1,6
Primpol,6
Prkaa2,6
Prkab1,6
Prkar1a,6
Prkca,6
Prkcb,6
Prm3,6
Prmt2,6
Pros1,6
Prpf40b,6
Prr18,6
Prrg2,6
Prss53,6
Ptafr,6
Ptchd1,6
Ptms,6
Ptp4a2,6
Ptpdc1,6
Ptprm,6
Ptpro,6
Ptprs,6
Ptprz1,6
Pttg1,6
Pttg1ip,6
Pvrl2,6
Pyhin1,6
Pyroxd2,6
Rab11fip2,6
Rab24,6
Rab33b,6
Rab39,6
Rab3a,6
Rab3il1,6
Rab40c,6
Rab5a,6
Rab6b,6
Rabac1,6
Rabep2,6
Rac1,6
Rad9a,6
Rala,6
Ranbp10,6
Ranbp3l,6
Rap1gds1,6
Rap2a,6
Rapgef1,6
Rapgef5,6
Rasa4,6
Rasal3,6
Rasgrp3,6
Rasl2-9,6
Rassf5,6
Rbak,6
Rbbp9,6
Rbfox1,6
Rbm18,6
Rbm26,6
Rbm5,6
Rbm6,6
Rc3h1,6
Rcan3,6
Rcbtb2,6
Rcsd1,6
Rdh14,6
Rdh5,6
Reep5,6
Rel,6
Rela,6
Rell2,6
Rep15,6
Rffl,6
Rft1,6
Rfx3,6
Rgl2,6
Rgl3,6
Rgmb,6
Rgs10,6
Rhbdd1,6
Rhbdd2,6
Rhbdf1,6
Rhbdl2,6
Rhob,6
Rhog,6
Rhot1,6
Ric3,6
Rictor,6
Rilpl1,6
Rin2,6
Ring1,6
Rlf,6
Rmnd1,6
Rnase4,6
Rnaseh1,6
Rnf103,6
Rnf11,6
Rnf121,6
Rnf122,6
Rnf13,6
Rnf130,6
Rnf145,6
Rnf166,6
Rnf167,6
Rnf183,6
Rnf19b,6
Rnf215,6
Rnf31,6
Rnf34,6
Rnf38,6
Rnf6,6
Rnmt,6
Rnpepl1,6
Rogdi,6
Rora,6
Rps6ka1,6
Rps6ka3,6
Rps6ka5,6
Rps6kb1,6
Rps6kb2,6
Rptn,6
Rsad2,6
Rsbn1l,6
Rsf1,6
Rsph9,6
Rsrc2,6
Rtn4,6
Rtn4rl1,6
Runx1t1,6
Rxrb,6
Ryk,6
S1pr4,6
Safb,6
Safb2,6
Sall1,6
Sall2,6
Sall3,6
Samsn1,6
Sar1b,6
Saraf,6
Satl1,6
Saysd1,6
Sbf2,6
Sbno1,6
Scai,6
Scamp1,6
Scamp2,6
Scamp5,6
Scaper,6
Scarb2,6
Scarf2,6
Scoc,6
Scyl3,6
Sdccag3,6
Sdf2,6
Sdf4,6
Sdk1,6
Sec14l1,6
Sec31a,6
Selplg,6
Sema4d,6
Sema4g,6
Senp2,6
Senp6,6
Serinc1,6
Serinc3,6
Serpina12,6
Serpine2,6
Serpinf1,6
Sf1,6
Sft2d1,6
Sft2d2,6
Sgcb,6
Sgk1,6
Sgpl1,6
Sh2b1,6
Sh2d6,6
Sh3bp2,6
Sh3kbp1,6
Shc2,6
Shisa5,6
Shisa7,6
Sidt2,6
Siglech,6
Sik2,6
Sipa1,6
Sipa1l1,6
Sipa1l2,6
Sirpa,6
Sirt4,6
Sirt7,6
Skil,6
Skint11,6
Sla,6
Slamf1,6
Slamf9,6
Slc10a3,6
Slc11a1,6
Slc12a2,6
Slc12a6,6
Slc12a9,6
Slc13a3,6
Slc16a9,6
Slc18b1,6
Slc1a3,6
Slc1a4,6
Slc22a13,6
Slc24a3,6
Slc25a17,6
Slc25a28,6
Slc25a37,6
Slc29a1,6
Slc29a3,6
Slc30a7,6
Slc35a2,6
Slc35a3,6
Slc35a5,6
Slc35b2,6
Slc35f3,6
Slc37a2,6
Slc38a2,6
Slc38a9,6
Slc39a12,6
Slc39a7,6
Slc41a3,6
Slc44a1,6
Slc44a2,6
Slc46a1,6
Slc6a8,6
Slc7a7,6
Slc7a8,6
Slc9a1,6
Slc9a8,6
Slco2b1,6
Slitrk5,6
Smad1,6
Smad3,6
Smap2,6
Smarcd3,6
Smg6,6
Smim14,6
Smim19,6
Smim8,6
Smox,6
Smpd1,6
Smyd3,6
Snapc4,6
Snca,6
Sncaip,6
Snn,6
Snora65,6
Snora70,6
Snph,6
Snta1,6
Snx10,6
Snx13,6
Snx14,6
Snx17,6
Snx19,6
Snx29,6
Socs5,6
Socs6,6
Soga1,6
Son,6
Sort1,6
Sox14,6
Sox4,6
Spag1,6
Spag11b,6
Sparc,6
Spast,6
Spata2l,6
Spata31d1a,6
Spdya,6
Specc1,6
Spg20,6
Spint1,6
Sprr1a,6
Spty2d1,6
Sqrdl,6
Src,6
Srek1,6
Srgap2,6
Srpk3,6
Ss18,6
Ssfa2,6
Ssh2,6
Ssh3,6
Sspn,6
Ssr1,6
St14,6
St3gal3,6
St3gal5,6
St3gal6,6
St5,6
St6galnac3,6
Stambpl1,6
Stard3,6
Stau1,6
Stk25,6
Stradb,6
Stx18,6
Stx5a,6
Stx7,6
Stxbp1,6
Suco,6
Sult1a1,6
Sun2,6
Surf2,6
Susd3,6
Suv420h1,6
Svs5,6
Syf2,6
Syne4,6
Syngr1,6
Syngr2,6
Synj2,6
Syt8,6
Tagap,6
Tal1,6
Tanc2,6
Tap1,6
Tap2,6
Tapbpl,6
Tapt1,6
Taz,6
Tbc1d10a,6
Tbc1d12,6
Tbc1d17,6
Tbc1d23,6
Tbc1d5,6
Tbc1d9,6
Tbl1xr1,6
Tbx6,6
Tbxas1,6
Tcea2,6
Tceal1,6
Tcirg1,6
Tcn2,6
Tdpoz1,6
Tdrd7,6
Tec,6
Tef,6
Tenm2,6
Terf2ip,6
Tgfbr1,6
Tgfbr2,6
Tgif1,6
Tgif2,6
Tgm5,6
Tgoln1,6
Tha1,6
Thada,6
Thap3,6
Thoc2,6
Thsd4,6
Thsd7b,6
Thtpa,6
Thumpd2,6
Thumpd3,6
Ticam1,6
Tigd4,6
Timp2,6
Tjp1,6
Tk2,6
Tle1,6
Tle2,6
Tle3,6
Tlr1,6
Tlr13,6
Tlr2,6
Tlr4,6
Tlr6,6
Tlr7,6
Tlr9,6
Tm2d3,6
Tm9sf2,6
Tm9sf4,6
Tmbim4,6
Tmbim6,6
Tmc7,6
Tmcc3,6
Tmed4,6
Tmed7,6
Tmed8,6
Tmem100,6
Tmem102,6
Tmem106b,6
Tmem119,6
Tmem127,6
Tmem135,6
Tmem140,6
Tmem150a,6
Tmem159,6
Tmem167b,6
Tmem168,6
Tmem173,6
Tmem176b,6
Tmem179b,6
Tmem184b,6
Tmem184c,6
Tmem194b,6
Tmem204,6
Tmem217,6
Tmem260,6
Tmem33,6
Tmem42,6
Tmem43,6
Tmem44,6
Tmem50a,6
Tmem50b,6
Tmem55b,6
Tmem59,6
Tmem63a,6
Tmem64,6
Tmem65,6
Tmem68,6
Tmem86a,6
Tmem88,6
Tmem8c,6
Tmem9b,6
Tmx2,6
Tmx3,6
Tmx4,6
Tnf,6
Tnfaip2,6
Tnfaip8l2,6
Tnfaip8l3,6
Tnfrsf12a,6
Tnfrsf17,6
Tnfrsf1b,6
Tnfrsf21,6
Tnfsf10,6
Tnip2,6
Tnrc6b,6
Tnrc6c,6
Tns1,6
Tns3,6
Tob2,6
Tom1l1,6
Tomm34,6
Tor1aip1,6
Tor4a,6
Tppp,6
Tpra1,6
Tprgl,6
Tpst2,6
Traf5,6
Tram1,6
Trappc6b,6
Trappc9,6
Trem2,6
Treml1,6
Trf,6
Trim11,6
Trim2,6
Trim23,6
Trim26,6
Trim3,6
Trim30b,6
Trim36,6
Trim39,6
Trim43b,6
Trio,6
Trip6,6
Trmt12,6
Trmt1l,6
Trmt2a,6
Trove2,6
Trp53inp1,6
Trpm2,6
Trpm4,6
Tsc2,6
Tshr,6
Tspan18,6
Tspan3,6
Tspan31,6
Tspan33,6
Tspan7,6
Tspyl5,6
Tstd1,6
Ttc12,6
Ttc17,6
Ttc19,6
Ttc28,6
Ttc39b,6
Ttc8,6
Tti1,6
Ttll3,6
Tug1,6
Txlng,6
Txndc15,6
Txnip,6
Tyk2,6
Tyrobp,6
Uba52,6
Uba7,6
Ubap1,6
Ubb,6
Ubc,6
Ube2a,6
Ube2l6,6
Ubl3,6
Ublcp1,6
Ubn2,6
Ubp1,6
Ubr1,6
Ubxn6,6
Ubxn7,6
Uchl4,6
Ucp2,6
Ufl1,6
Uggt1,6
Uggt2,6
Ugt1a7c,6
Uhrf1bp1,6
Ulk1,6
Ulk2,6
Ulk3,6
Unc13b,6
Unc93b1,6
Unk,6
Urgcp,6
Usp22,6
Usp24,6
Usp30,6
Usp33,6
Usp35,6
Usp8,6
Utp20,6
Uts2b,6
Vamp2,6
Vamp4,6
Vamp5,6
Vav1,6
Vegfb,6
Vimp,6
Vipr1,6
Vma21,6
Vmn2r28,6
Vps11,6
Vps18,6
Vps28,6
Vps41,6
Vsig10,6
Vtn,6
Vwa5a,6
Wars2,6
Wdfy1,6
Wdr37,6
Wdr47,6
Wdsub1,6
Whamm,6
Whrn,6
Wipf2,6
Wls,6
Wnk1,6
Wsb1,6
Wscd1,6
Xpr1,6
Xylt1,6
Yipf3,6
Yipf6,6
Yod1,6
Ypel3,6
Ypel5,6
Zbed6,6
Zbtb18,6
Zbtb2,6
Zbtb24,6
Zbtb41,6
Zbtb7a,6
Zbtb9,6
Zc3h6,6
Zc3h7a,6
Zcchc14,6
Zcchc7,6
Zcwpw1,6
Zdhhc1,6
Zdhhc13,6
Zdhhc8,6
Zdhhc9,6
Zer1,6
Zf12,6
Zfhx3,6
Zfp1,6
Zfp12,6
Zfp128,6
Zfp160,6
Zfp182,6
Zfp236,6
Zfp26,6
Zfp260,6
Zfp266,6
Zfp275,6
Zfp276,6
Zfp28,6
Zfp286,6
Zfp30,6
Zfp317,6
Zfp318,6
Zfp329,6
Zfp352,6
Zfp36,6
Zfp37,6
Zfp385c,6
Zfp386,6
Zfp433,6
Zfp467,6
Zfp512,6
Zfp518a,6
Zfp523,6
Zfp532,6
Zfp551,6
Zfp558,6
Zfp560,6
Zfp579,6
Zfp58,6
Zfp583,6
Zfp60,6
Zfp607,6
Zfp61,6
Zfp619,6
Zfp62,6
Zfp641,6
Zfp644,6
Zfp652,6
Zfp653,6
Zfp658,6
Zfp667,6
Zfp688,6
Zfp69,6
Zfp691,6
Zfp692,6
Zfp710,6
Zfp715,6
Zfp746,6
Zfp748,6
Zfp760,6
Zfp787,6
Zfp791,6
Zfp810,6
Zfp82,6
Zfp85,6
Zfp868,6
Zfp869,6
Zfp87,6
Zfp90,6
Zfp943,6
Zfpm1,6
Zfyve27,6
Zkscan4,6
Zkscan5,6
Zmat1,6
Zmym2,6
Zmym3,6
Zmym5,6
Zmym6,6
Zmynd11,6
Znfx1,6
Znrf1,6
Zranb1,6
Zscan18,6
Zscan26,6
Zswim6,6
Zswim8,6
Zxda,6
Zyg11b,6
0610009B22Rik,7
0610037L13Rik,7
0610039K10Rik,7
1110002L01Rik,7
1110038F14Rik,7
1700017B05Rik,7
1700018C11Rik,7
1700030K09Rik,7
1700052N19Rik,7
1810011O10Rik,7
1810013L24Rik,7
1810064F22Rik,7
2210408F21Rik,7
2310040G24Rik,7
2310042E22Rik,7
2310047D07Rik,7
2310047M10Rik,7
2510003E04Rik,7
2610206C17Rik,7
2610528A11Rik,7
2700097O09Rik,7
2810403A07Rik,7
2810474O19Rik,7
4632415L05Rik,7
4833420G17Rik,7
4833439L19Rik,7
4930430F08Rik,7
4930481A15Rik,7
4930538K18Rik,7
4930581F22Rik,7
4931406C07Rik,7
4932415M13Rik,7
4933404O12Rik,7
4933412E12Rik,7
6430571L13Rik,7
A230046K03Rik,7
A930003O13Rik,7
AA415398,7
Aars,7
Aasdh,7
Abcb5,7
Abcc5,7
Abhd1,7
Abhd14b,7
Abhd15,7
Abi3,7
Acad12,7
Acadvl,7
Acer3,7
Ache,7
Actl9,7
Adam18,7
Adamts16,7
Adcy8,7
Adipor2,7
Adprh,7
Adra2a,7
AF251705,7
Aff4,7
Agbl3,7
Agl,7
Ahsa2,7
Aim2,7
Akap5,7
Akap8,7
Akirin2,7
Aktip,7
Aldh1a1,7
Alg12,7
Alox5,7
Alyref2,7
Amer2,7
Amigo3,7
Amt,7
Amz1,7
Anapc10,7
Anapc11,7
Anapc2,7
Angptl3,7
Ankrd29,7
Ankrd44,7
Ankrd46,7
Ap4b1,7
Apol11b,7
Arhgap29,7
Arhgef12,7
Arhgef18,7
Arhgef33,7
Arid1a,7
Arid3b,7
Armc7,7
Arpc5l,7
Arv1,7
Asb2,7
Ate1,7
Atg2b,7
Atl3,7
Atp10d,7
Atp5s,7
Atp5sl,7
Atp6v1c2,7
Atxn1l,7
Atxn7l2,7
AU020206,7
Avpr1b,7
B3galt6,7
B4galt4,7
Bace1,7
Bag3,7
Bbs10,7
Bbs2,7
BC029722,7
BC061237,7
Bckdha,7
Bckdhb,7
Bcl2a1c,7
Bclaf1,7
Bik,7
Brd2,7
Brpf1,7
Btbd3,7
C030034I22Rik,7
C130026I21Rik,7
C920006O11Rik,7
Camkk2,7
Capn10,7
Casp9,7
Catip,7
Catsper2,7
Cbfa2t3,7
Cblb,7
Cbln3,7
Cbx6,7
Cbx8,7
Ccdc106,7
Ccdc112,7
Ccdc117,7
Ccdc12,7
Ccdc130,7
Ccdc137,7
Ccdc166,7
Ccdc181,7
Ccdc55,7
Ccdc71,7
Ccdc88b,7
Ccnb3,7
Ccpg1os,7
Ccr6,7
Cd19,7
Cd1d1,7
Cd34,7
Cd79a,7
Cdc14a,7
Cdc42ep3,7
Cdk13,7
Cdk5rap3,7
Cdkal1,7
Cdkn2b,7
Cep135,7
Ces3b,7
Cfap61,7
Cfap97,7
Cggbp1,7
Cgrrf1,7
Chat,7
Chd8,7
Chmp3,7
Chn2,7
Chst11,7
Chst8,7
Chsy1,7
Ciao1,7
Ciz1,7
Cklf,7
Cldn19,7
Cldn25,7
Cmtr2,7
Col15a1,7
Comtd1,7
Coq2,7
Cox6a2,7
Cramp1l,7
Crem,7
Crlf3,7
Csk,7
Csnk1g3,7
Cst7,7
Ctnnal1,7
Ctrl,7
Cul1,7
Cwf19l2,7
Cyb561d2,7
D11Wsu47e,7
D15Ertd621e,7
D230025D16Rik,7
D930020B18Rik,7
Dapp1,7
Dcaf11,7
Dctn4,7
Dcun1d2,7
Dcun1d4,7
Dedd,7
Dedd2,7
Dennd2c,7
Derl2,7
Dexi,7
Dfna5,7
Dhx30,7
Dhx33,7
Disp1,7
Dlat,7
Dleu2,7
Dmtn,7
Dnaaf3,7
Dnajb1,7
Dnajb4,7
Dnajb9,7
Dnajc24,7
Dnajc25,7
Dnajc4,7
Dnd1,7
Dok3,7
Dolpp1,7
Dusp11,7
Edar,7
Edrf1,7
Efcab6,7
Efnb1,7
Eif2ak3,7
Eif4e3,7
Eml6,7
Endod1,7
Eng,7
Eno3,7
Eno4,7
Enpp5,7
Epb4.1,7
Epc2,7
Epn2,7
Erf,7
Erich2,7
Ermap,7
Esr1,7
Etohd2,7
Etv2,7
Evl,7
Exo5,7
Exoc8,7
Exog,7
Extl2,7
F730035P03Rik,7
F8a,7
Faim3,7
Fam102a,7
Fam105a,7
Fam109a,7
Fam114a1,7
Fam114a2,7
Fam129a,7
Fam160b2,7
Fam178a,7
Fam185a,7
Fam188a,7
Fam220a,7
Fam49a,7
Fam53a,7
Fam58b,7
Fam73b,7
Fam89a,7
Fbxl14,7
Fbxl17,7
Fbxo25,7
Fbxo30,7
Fbxo42,7
Fbxo6,7
Fbxw27,7
Fcrla,7
Fez2,7
Fgfr1op,7
Fgfr4,7
Fggy,7
Fgr,7
Flot1,7
Fn3k,7
Fnta,7
Foxo1,7
Fra10ac1,7
Fscn1,7
Fst,7
Fut10,7
Fxr2,7
Fyco1,7
Fzd4,7
G6b,7
Gal,7
Galnt12,7
Gatc,7
Gba2,7
Gca,7
Gcnt2,7
Gcnt3,7
Gdf9,7
Gfer,7
Ghitm,7
Gimap1,7
Gimap5,7
Glce,7
Glrb,7
Glrp1,7
Glul,7
Gm11362,7
Gm1587,7
Gm17259,7
Gm19510,7
Gm2391,7
Gm5065,7
Gm5165,7
Gm527,7
Gm5429,7
Gm5434,7
Gm5533,7
Gm5766,7
Gm6003,7
Gm6583,7
Gm7120,7
Gm9752,7
Gmcl1,7
Gmeb1,7
Gmpr2,7
Gnat1,7
Gngt2,7
Gnpda2,7
Golga2,7
Gon4l,7
Gorasp1,7
Gpr180,7
Gpr56,7
Gsap,7
Gtf3c2,7
Gtpbp3,7
Guca1b,7
Gucd1,7
Gucy2g,7
Gxylt1,7
Gypa,7
H2-Aa,7
H2afb1,7
H2-Eb1,7
H2-K1,7
H2-Q1,7
H2-T10,7
Hace1,7
Hbb-b2,7
Hbq1a,7
Hdlbp,7
Hectd3,7
Hemk1,7
Herpud1,7
Hes1,7
Hexim1,7
Hgh1,7
Hhipl2,7
Hmgcl,7
Hmx3,7
Hoxb4,7
Hp1bp3,7
Hps6,7
Hs3st3b1,7
Hspb3,7
Htr1f,7
Htra3,7
Ice2,7
Ick,7
Ier5,7
Iffo2,7
Ifna6,7
Ifna9,7
Igsf9,7
Ikzf5,7
Il17ra,7
Il27ra,7
Il6,7
Ildr1,7
Ildr2,7
Inafm2,7
Inip,7
Inpp5e,7
Ints12,7
Iqcb1,7
Iqcc,7
Irf2,7
Irf2bp1,7
Irgm2,7
Isg20,7
Itga10,7
Itpk1,7
Itpkc,7
Itpr3,7
Jade1,7
Jade2,7
Jam3,7
Kansl1,7
Kbtbd4,7
Kbtbd7,7
Kcmf1,7
Kcnk12,7
Kcnk9,7
Kdm1b,7
Kdm4c,7
Khdc3,7
Kif21b,7
Kit,7
Klhl18,7
Klk8,7
Klrd1,7
Laptm4b,7
Lasp1,7
Lat2,7
Lcn10,7
Leng1,7
Leng9,7
Lman1,7
Lphn2,7
Lrp4,7
Ltb,7
Ly6d,7
Lyrm5,7
Lysmd1,7
Maf1,7
Mafb,7
Mageb3,7
Magee1,7
Magi1,7
Malt1,7
Maml1,7
Map10,7
Map2k2,7
Map3k9,7
Map7,7
Mapre2,7
Marf1,7
Mast4,7
Mat2a,7
Mbip,7
Mbtd1,7
Mcur1,7
Mdm2,7
Mdp1,7
Me3,7
Med20,7
Megf11,7
Mepce,7
Mettl18,7
Mettl20,7
Mettl21a,7
Mettl3,7
Mfng,7
Mfsd7b,7
Mier2,7
Mier3,7
Mlycd,7
Mmp1a,7
Mmp23,7
Mob3c,7
Mon1a,7
Morc2a,7
Mplkip,7
Mrgpra5,7
Mrgprb1,7
Mrm1,7
Msl2,7
Mterf1a,7
Mterf1b,7
Mtg2,7
Mtmr12,7
Mtmr4,7
Mul1,7
Mxd1,7
Mybph,7
Mylip,7
Mylk3,7
Mzb1,7
N4bp2l2,7
Naa16,7
Naa30,7
Naalad2,7
Nadsyn1,7
Narf,7
Nat2,7
Nat6,7
Ncf2,7
Ncf4,7
Ndfip2,7
Ndufaf7,7
Nfkbib,7
Nit1,7
Nlk,7
Nmt1,7
Notch1,7
Nprl2,7
Nr2c1,7
Nr2e3,7
Nrip1,7
Nrm,7
Nsun4,7
Nub1,7
Nudt17,7
Nudt22,7
Nudt6,7
Nudt7,7
Nupr1,7
Ogfod1,7
Olfr1028,7
Olfr1054,7
Olfr1116-ps,7
Olfr1261,7
Olfr1307,7
Olfr1441,7
Olfr339,7
Olfr52,7
Olfr613,7
Olfr635,7
Olfr652,7
Olfr677,7
Olfr746,7
Oraov1,7
Osbpl10,7
Osbpl3,7
Osgepl1,7
Otud1,7
Otud5,7
Otud7b,7
Ovca2,7
Oxr1,7
P4ha1,7
Pacsin2,7
Paip2,7
Pan3,7
Papolg,7
Parp3,7
Pbxip1,7
Pcdhb22,7
Pcdhga2,7
Pcmtd2,7
Pcnx,7
Pdcd10,7
Pdcd7,7
Pdia5,7
Pdik1l,7
Pdp2,7
Pdzd8,7
Pecr,7
Pelo,7
Pes1,7
Pex11b,7
Pex14,7
Pgbd1,7
Pgm3,7
Phactr4,7
Phc1,7
Phc2,7
Phf13,7
Phf7,7
Phospho2,7
Phox2a,7
Piezo2,7
Pigc,7
Pigh,7
Pik3cb,7
Pip4k2c,7
Pithd1,7
Pja2,7
Pknox1,7
Pla2g12a,7
Plb1,7
Plcg2,7
Plekha4,7
Pnp2,7
Pnpla6,7
Pnpo,7
Pnrc1,7
Polg2,7
Polr2e,7
Polr3f,7
Pomgnt2,7
Pot1b,7
Pou2af1,7
Ppap2c,7
Ppard,7
Ppip5k1,7
Ppm1d,7
Ppm1f,7
Ppm1k,7
Ppp1r18,7
Ppp1r2,7
Pptc7,7
Pramef8,7
Prdm1,7
Prdm15,7
Prg4,7
Prickle3,7
Prkcd,7
Prkd2,7
Prpf18,7
Prpf39,7
Prr14,7
Prrc2b,7
Psme2,7
Ptcra,7
Ptgs1,7
Ptk2b,7
Ptp4a3,7
Ptplad1,7
Ptpn1,7
Ptrh2,7
Pum1,7
Pus3,7
Pvt1,7
Pwwp2a,7
Pygo2,7
Qrsl1,7
R3hdm2,7
R74862,7
Rab35,7
Rab3gap1,7
Rab3ip,7
Rab43,7
Rad17,7
Rad52,7
Rad9b,7
Rag1,7
Ralgapb,7
Ramp1,7
Rasa3,7
Rassf1,7
Rbm12,7
Rbm12b2,7
Rbm43,7
Rbm48,7
Rbm4b,7
Rec114,7
Relb,7
Repin1,7
Rfesd,7
Rgs2,7
Rgs9bp,7
Rhobtb2,7
Ric8b,7
Rin3,7
Ripk2,7
Rnase6,7
Rnf113a2,7
Rnf135,7
Rnf139,7
Rnf44,7
Rpn2,7
Rrad,7
Rras2,7
Rsad1,7
S1pr5,7
Sash3,7
Sbno2,7
Scap,7
Sds,7
Sec14l2,7
Sec16b,7
Secisbp2,7
Senp8,7
Serpina3c,7
Setmar,7
Sftpd,7
Sfxn4,7
Sgsm3,7
Sh2b3,7
Sh3d21,7
Sh3tc1,7
Sharpin,7
Shroom1,7
Simc1,7
Sin3b,7
Sirt3,7
Six5,7
Slain2,7
Slamf8,7
Slc12a3,7
Slc16a6,7
Slc17a2,7
Slc22a7,7
Slc25a16,7
Slc25a19,7
Slc25a2,7
Slc25a45,7
Slc27a3,7
Slc2a5,7
Slc35a1,7
Slc35e2,7
Slc39a4,7
Slc4a1,7
Slc50a1,7
Slc5a10,7
Slc5a5,7
Slc5a7,7
Slc8b1,7
Slco4a1,7
Slu7,7
Smad2,7
Smad4,7
Smad6,7
Smpdl3b,7
Smug1,7
Snapc1,7
Snapc3,7
Snx11,7
Snx16,7
Snx18,7
Snx20,7
Sox15,7
Spaca1,7
Spata13,7
Spata18,7
Spcs3,7
Spns3,7
Sppl3,7
Spsb1,7
Spsb2,7
Srgn,7
Srsf9,7
Sspo,7
St3gal2,7
St7l,7
Stam,7
Stambp,7
Stap1,7
Stat6,7
Stbd1,7
Stk11ip,7
Stk16,7
Stk32a,7
Stk38l,7
Stk40,7
Stx1a,7
Stxbp4,7
Stxbp5,7
Sult6b1,7
Suox,7
Surf4,7
Suv420h2,7
Swt1,7
Sync,7
Syt15,7
Syvn1,7
Taf1a,7
Taf1c,7
Taf3,7
Tatdn3,7
Tax1bp1,7
Tbc1d19,7
Tbc1d8,7
Tbcel,7
Tcap,7
Tctex1d2,7
Tefm,7
Tex261,7
Tfam,7
Tfb2m,7
Tfcp2,7
Tgm2,7
Thbs2,7
Them6,7
Thrsp,7
Tia1,7
Tiam1,7
Tifa,7
Tjp2,7
Tlr11,7
Tlr12,7
Tlr3,7
Tmco1,7
Tmco6,7
Tmem109,7
Tmem110,7
Tmem128,7
Tmem129,7
Tmem150c,7
Tmem17,7
Tmem175,7
Tmem177,7
Tmem185b,7
Tmem186,7
Tmem219,7
Tmem230,7
Tmem237,7
Tmem39a,7
Tmem71,7
Tmem81,7
Tmod3,7
Tnfaip1,7
Tnfrsf10b,7
Tnfsf13b,7
Tns4,7
Tom1l2,7
Tomt,7
Top3a,7
Tpd52l2,7
Tpp2,7
Tpte,7
Tra2a,7
Traf2,7
Trim10,7
Trim56,7
Trim66,7
Trmt10a,7
Trp53i11,7
Trp53i13,7
Tsacc,7
Tspan14,7
Tspan4,7
Tspyl2,7
Tspyl3,7
Tsr2,7
Tsr3,7
Ttbk2,7
Ttc13,7
Ttc32,7
Ttc4,7
Ttc7,7
Ttc9,7
Ttn,7
Txndc12,7
Txnrd2,7
Ubac2,7
Ube2dnl1,7
Ube2h,7
Ube2o,7
Ube3c,7
Ubqln1,7
Ubqln2,7
Ubtd1,7
Ufsp1,7
Unc119b,7
Unc13d,7
Upk1b,7
Uqcc1,7
Uros,7
Usp36,7
Usp38,7
Usp6nl,7
Utp23,7
Vamp1,7
Vasp,7
Vcpip1,7
Vezf1,7
Vhl,7
Vpreb1,7
Vpreb3,7
Vps37b,7
Vps54,7
Vrk3,7
Wdr44,7
Wdr45,7
Wdr48,7
Whsc1l1,7
Xbp1,7
Xkr8,7
Xkr9,7
Yeats4,7
Yipf1,7
Yipf4,7
Ythdf1,7
Ythdf2,7
Ythdf3,7
Ywhah,7
Zbed5,7
Zbp1,7
Zbtb14,7
Zbtb26,7
Zbtb39,7
Zc3h10,7
Zc3h3,7
Zdhhc4,7
Zdhhc5,7
Zdhhc7,7
Zfand3,7
Zfp101,7
Zfp105,7
Zfp119a,7
Zfp148,7
Zfp169,7
Zfp189,7
Zfp2,7
Zfp202,7
Zfp212,7
Zfp213,7
Zfp217,7
Zfp235,7
Zfp248,7
Zfp27,7
Zfp281,7
Zfp3,7
Zfp341,7
Zfp354a,7
Zfp383,7
Zfp39,7
Zfp420,7
Zfp451,7
Zfp46,7
Zfp472,7
Zfp51,7
Zfp574,7
Zfp575,7
Zfp592,7
Zfp595,7
Zfp597,7
Zfp623,7
Zfp629,7
Zfp637,7
Zfp639,7
Zfp65,7
Zfp68,7
Zfp747,7
Zfp758,7
Zfp763,7
Zfp770,7
Zfp773,7
Zfp790,7
Zfp800,7
Zfp809,7
Zfp825,7
Zfp84,7
Zfp862-ps,7
Zfp865,7
Zfp870,7
Zfp873,7
Zfp874b,7
Zfp93,7
Zfp933,7
Zfp94,7
Zfp945,7
Zfp953,7
Zfp954,7
Zfp956,7
Zfx,7
Zfyve19,7
Zfyve20,7
Zkscan14,7
Zkscan17,7
Zkscan3,7
Zkscan6,7
Znrd1as,7
Zscan12,7
Zscan5b,7
Zswim1,7
Zswim3,7
Zxdb,7
